sweep_value,run_count,throughput_records_per_sec_mean,throughput_records_per_sec_min,throughput_records_per_sec_max,throughput_mb_per_sec_mean,throughput_mb_per_sec_min,throughput_mb_per_sec_max,avg_latency_ms_mean,avg_latency_ms_min,avg_latency_ms_max,max_latency_ms_mean,max_latency_ms_min,max_latency_ms_max
security-overhead-final-factorial-tls-b3-rf3-isr3-msg1024-tps1000-batch131072-acks1-prod1-complz4-trial1,1,999.740068,999.740068,999.740068,0.98,0.98,0.98,5.97,5.97,5.97,973,973.0,973.0
security-overhead-final-factorial-tls-b3-rf3-isr3-msg1024-tps1000-batch131072-acks1-prod1-complz4-trial2,1,999.690096,999.690096,999.690096,0.98,0.98,0.98,6.14,6.14,6.14,975,975.0,975.0
security-overhead-final-factorial-tls-b3-rf3-isr3-msg1024-tps1000-batch131072-acks1-prod1-complz4-trial3,1,999.670109,999.670109,999.670109,0.98,0.98,0.98,6.48,6.48,6.48,1059,1059.0,1059.0
security-overhead-final-factorial-tls-b3-rf3-isr3-msg1024-tps1000-batch131072-acks1-prod1-compnone-trial1,1,999.760058,999.760058,999.760058,0.98,0.98,0.98,5.52,5.52,5.52,956,956.0,956.0
security-overhead-final-factorial-tls-b3-rf3-isr3-msg1024-tps1000-batch131072-acks1-prod1-compnone-trial2,1,999.760058,999.760058,999.760058,0.98,0.98,0.98,5.61,5.61,5.61,924,924.0,924.0
security-overhead-final-factorial-tls-b3-rf3-isr3-msg1024-tps1000-batch131072-acks1-prod1-compnone-trial3,1,999.720078,999.720078,999.720078,0.98,0.98,0.98,5.84,5.84,5.84,987,987.0,987.0
security-overhead-final-factorial-tls-b3-rf3-isr3-msg1024-tps1000-batch131072-acks1-prod12-complz4-trial1,1,997.6567319999999,997.6567319999999,997.6567319999999,0.9599999999999999,0.9599999999999999,0.9599999999999999,420.28670379999994,420.28670379999994,420.28670379999994,15286,15286.0,15286.0
security-overhead-final-factorial-tls-b3-rf3-isr3-msg1024-tps1000-batch131072-acks1-prod12-complz4-trial2,1,997.3938210000001,997.3938210000001,997.3938210000001,0.9599999999999999,0.9599999999999999,0.9599999999999999,425.31860670000003,425.31860670000003,425.31860670000003,15189,15189.0,15189.0
security-overhead-final-factorial-tls-b3-rf3-isr3-msg1024-tps1000-batch131072-acks1-prod12-complz4-trial3,1,998.199087,998.199087,998.199087,0.9599999999999999,0.9599999999999999,0.9599999999999999,431.9276578,431.9276578,431.9276578,15468,15468.0,15468.0
security-overhead-final-factorial-tls-b3-rf3-isr3-msg1024-tps1000-batch131072-acks1-prod12-compnone-trial1,1,998.23519,998.23519,998.23519,0.9599999999999999,0.9599999999999999,0.9599999999999999,388.1386454,388.1386454,388.1386454,15185,15185.0,15185.0
security-overhead-final-factorial-tls-b3-rf3-isr3-msg1024-tps1000-batch131072-acks1-prod12-compnone-trial2,1,998.0368920000001,998.0368920000001,998.0368920000001,0.9599999999999999,0.9599999999999999,0.9599999999999999,369.50782940000005,369.50782940000005,369.50782940000005,14321,14321.0,14321.0
security-overhead-final-factorial-tls-b3-rf3-isr3-msg1024-tps1000-batch131072-acks1-prod12-compnone-trial3,1,998.458128,998.458128,998.458128,0.9599999999999999,0.9599999999999999,0.9599999999999999,380.02542259999996,380.02542259999996,380.02542259999996,14804,14804.0,14804.0
security-overhead-final-factorial-tls-b3-rf3-isr3-msg1024-tps1000-batch131072-acks1-prod6-complz4-trial1,1,999.709742,999.709742,999.709742,0.9600000000000001,0.9600000000000001,0.9600000000000001,106.6216385,106.6216385,106.6216385,7384,7384.0,7384.0
security-overhead-final-factorial-tls-b3-rf3-isr3-msg1024-tps1000-batch131072-acks1-prod6-complz4-trial2,1,999.7161140000001,999.7161140000001,999.7161140000001,0.9600000000000001,0.9600000000000001,0.9600000000000001,109.6467015,109.6467015,109.6467015,7475,7475.0,7475.0
security-overhead-final-factorial-tls-b3-rf3-isr3-msg1024-tps1000-batch131072-acks1-prod6-complz4-trial3,1,999.707951,999.707951,999.707951,0.9600000000000001,0.9600000000000001,0.9600000000000001,104.20333880000001,104.20333880000001,104.20333880000001,7504,7504.0,7504.0
security-overhead-final-factorial-tls-b3-rf3-isr3-msg1024-tps1000-batch131072-acks1-prod6-compnone-trial1,1,999.7130100000002,999.7130100000002,999.7130100000002,0.9600000000000001,0.9600000000000001,0.9600000000000001,93.80488379999998,93.80488379999998,93.80488379999998,7026,7026.0,7026.0
security-overhead-final-factorial-tls-b3-rf3-isr3-msg1024-tps1000-batch131072-acks1-prod6-compnone-trial2,1,999.6861930000001,999.6861930000001,999.6861930000001,0.9600000000000001,0.9600000000000001,0.9600000000000001,90.70976610000001,90.70976610000001,90.70976610000001,7086,7086.0,7086.0
security-overhead-final-factorial-tls-b3-rf3-isr3-msg1024-tps1000-batch131072-acks1-prod6-compnone-trial3,1,999.5980179999999,999.5980179999999,999.5980179999999,0.9600000000000001,0.9600000000000001,0.9600000000000001,91.8666364,91.8666364,91.8666364,7215,7215.0,7215.0
security-overhead-final-factorial-tls-b3-rf3-isr3-msg1024-tps1000-batch131072-acksall-prod1-complz4-trial1,1,999.650122,999.650122,999.650122,0.98,0.98,0.98,7.47,7.47,7.47,1084,1084.0,1084.0
security-overhead-final-factorial-tls-b3-rf3-isr3-msg1024-tps1000-batch131072-acksall-prod1-complz4-trial2,1,999.730073,999.730073,999.730073,0.98,0.98,0.98,7.18,7.18,7.18,1038,1038.0,1038.0
security-overhead-final-factorial-tls-b3-rf3-isr3-msg1024-tps1000-batch131072-acksall-prod1-complz4-trial3,1,999.720078,999.720078,999.720078,0.98,0.98,0.98,7.22,7.22,7.22,1076,1076.0,1076.0
security-overhead-final-factorial-tls-b3-rf3-isr3-msg1024-tps1000-batch131072-acksall-prod1-compnone-trial1,1,999.660116,999.660116,999.660116,0.98,0.98,0.98,7.25,7.25,7.25,1023,1023.0,1023.0
security-overhead-final-factorial-tls-b3-rf3-isr3-msg1024-tps1000-batch131072-acksall-prod1-compnone-trial2,1,999.610152,999.610152,999.610152,0.98,0.98,0.98,7.2,7.2,7.2,1014,1014.0,1014.0
security-overhead-final-factorial-tls-b3-rf3-isr3-msg1024-tps1000-batch131072-acksall-prod1-compnone-trial3,1,999.770053,999.770053,999.770053,0.98,0.98,0.98,7.39,7.39,7.39,1011,1011.0,1011.0
security-overhead-final-factorial-tls-b3-rf3-isr3-msg1024-tps1000-batch131072-acksall-prod12-complz4-trial1,1,997.9263860000001,997.9263860000001,997.9263860000001,0.9599999999999999,0.9599999999999999,0.9599999999999999,443.75628069999993,443.75628069999993,443.75628069999993,16190,16190.0,16190.0
security-overhead-final-factorial-tls-b3-rf3-isr3-msg1024-tps1000-batch131072-acksall-prod12-complz4-trial2,1,998.1934159999998,998.1934159999998,998.1934159999998,0.9599999999999999,0.9599999999999999,0.9599999999999999,470.06192820000007,470.06192820000007,470.06192820000007,15877,15877.0,15877.0
security-overhead-final-factorial-tls-b3-rf3-isr3-msg1024-tps1000-batch131072-acksall-prod12-complz4-trial3,1,998.108645,998.108645,998.108645,0.9599999999999999,0.9599999999999999,0.9599999999999999,435.8182153,435.8182153,435.8182153,15457,15457.0,15457.0
security-overhead-final-factorial-tls-b3-rf3-isr3-msg1024-tps1000-batch131072-acksall-prod12-compnone-trial1,1,998.1570790000002,998.1570790000002,998.1570790000002,0.9599999999999999,0.9599999999999999,0.9599999999999999,477.574107,477.574107,477.574107,15887,15887.0,15887.0
security-overhead-final-factorial-tls-b3-rf3-isr3-msg1024-tps1000-batch131072-acksall-prod12-compnone-trial2,1,997.9242420000002,997.9242420000002,997.9242420000002,0.9599999999999999,0.9599999999999999,0.9599999999999999,458.29786629999995,458.29786629999995,458.29786629999995,15919,15919.0,15919.0
security-overhead-final-factorial-tls-b3-rf3-isr3-msg1024-tps1000-batch131072-acksall-prod12-compnone-trial3,1,998.046318,998.046318,998.046318,0.9599999999999999,0.9599999999999999,0.9599999999999999,470.92047949999994,470.92047949999994,470.92047949999994,16006,16006.0,16006.0
security-overhead-final-factorial-tls-b3-rf3-isr3-msg1024-tps1000-batch131072-acksall-prod6-complz4-trial1,1,999.6428530000001,999.6428530000001,999.6428530000001,0.9600000000000001,0.9600000000000001,0.9600000000000001,109.12993540000001,109.12993540000001,109.12993540000001,7549,7549.0,7549.0
security-overhead-final-factorial-tls-b3-rf3-isr3-msg1024-tps1000-batch131072-acksall-prod6-complz4-trial2,1,999.7277620000001,999.7277620000001,999.7277620000001,0.9600000000000001,0.9600000000000001,0.9600000000000001,106.7317293,106.7317293,106.7317293,7680,7680.0,7680.0
security-overhead-final-factorial-tls-b3-rf3-isr3-msg1024-tps1000-batch131072-acksall-prod6-complz4-trial3,1,999.5959459999999,999.5959459999999,999.5959459999999,0.9600000000000001,0.9600000000000001,0.9600000000000001,119.85687700000001,119.85687700000001,119.85687700000001,7911,7911.0,7911.0
security-overhead-final-factorial-tls-b3-rf3-isr3-msg1024-tps1000-batch131072-acksall-prod6-compnone-trial1,1,999.691266,999.691266,999.691266,0.9600000000000001,0.9600000000000001,0.9600000000000001,101.84173760000002,101.84173760000002,101.84173760000002,7576,7576.0,7576.0
security-overhead-final-factorial-tls-b3-rf3-isr3-msg1024-tps1000-batch131072-acksall-prod6-compnone-trial2,1,999.6676830000001,999.6676830000001,999.6676830000001,0.9600000000000001,0.9600000000000001,0.9600000000000001,125.5435033,125.5435033,125.5435033,7973,7973.0,7973.0
security-overhead-final-factorial-tls-b3-rf3-isr3-msg1024-tps1000-batch131072-acksall-prod6-compnone-trial3,1,999.6714589999999,999.6714589999999,999.6714589999999,0.9600000000000001,0.9600000000000001,0.9600000000000001,107.9617166,107.9617166,107.9617166,7559,7559.0,7559.0
security-overhead-final-factorial-tls-b3-rf3-isr3-msg1024-tps1000-batch16384-acks1-prod1-complz4-trial1,1,999.770053,999.770053,999.770053,0.98,0.98,0.98,6.63,6.63,6.63,1117,1117.0,1117.0
security-overhead-final-factorial-tls-b3-rf3-isr3-msg1024-tps1000-batch16384-acks1-prod1-complz4-trial2,1,999.760058,999.760058,999.760058,0.98,0.98,0.98,6.49,6.49,6.49,1040,1040.0,1040.0
security-overhead-final-factorial-tls-b3-rf3-isr3-msg1024-tps1000-batch16384-acks1-prod1-complz4-trial3,1,999.760058,999.760058,999.760058,0.98,0.98,0.98,6.84,6.84,6.84,1014,1014.0,1014.0
security-overhead-final-factorial-tls-b3-rf3-isr3-msg1024-tps1000-batch16384-acks1-prod1-compnone-trial1,1,999.710084,999.710084,999.710084,0.98,0.98,0.98,6.68,6.68,6.68,1039,1039.0,1039.0
security-overhead-final-factorial-tls-b3-rf3-isr3-msg1024-tps1000-batch16384-acks1-prod1-compnone-trial2,1,999.70009,999.70009,999.70009,0.98,0.98,0.98,6.42,6.42,6.42,1020,1020.0,1020.0
security-overhead-final-factorial-tls-b3-rf3-isr3-msg1024-tps1000-batch16384-acks1-prod1-compnone-trial3,1,999.610152,999.610152,999.610152,0.98,0.98,0.98,6.28,6.28,6.28,977,977.0,977.0
security-overhead-final-factorial-tls-b3-rf3-isr3-msg1024-tps1000-batch16384-acks1-prod12-complz4-trial1,1,997.852481,997.852481,997.852481,0.9599999999999999,0.9599999999999999,0.9599999999999999,487.8641812000001,487.8641812000001,487.8641812000001,14571,14571.0,14571.0
security-overhead-final-factorial-tls-b3-rf3-isr3-msg1024-tps1000-batch16384-acks1-prod12-complz4-trial2,1,997.0668069999999,997.0668069999999,997.0668069999999,0.9599999999999999,0.9599999999999999,0.9599999999999999,545.9177801999999,545.9177801999999,545.9177801999999,16492,16492.0,16492.0
security-overhead-final-factorial-tls-b3-rf3-isr3-msg1024-tps1000-batch16384-acks1-prod12-complz4-trial3,1,997.7294970000002,997.7294970000002,997.7294970000002,0.9599999999999999,0.9599999999999999,0.9599999999999999,498.74052799999987,498.74052799999987,498.74052799999987,15053,15053.0,15053.0
security-overhead-final-factorial-tls-b3-rf3-isr3-msg1024-tps1000-batch16384-acks1-prod12-compnone-trial1,1,997.8844020000001,997.8844020000001,997.8844020000001,0.9599999999999999,0.9599999999999999,0.9599999999999999,434.3755931,434.3755931,434.3755931,14326,14326.0,14326.0
security-overhead-final-factorial-tls-b3-rf3-isr3-msg1024-tps1000-batch16384-acks1-prod12-compnone-trial2,1,998.234462,998.234462,998.234462,0.9599999999999999,0.9599999999999999,0.9599999999999999,428.49524460000004,428.49524460000004,428.49524460000004,14299,14299.0,14299.0
security-overhead-final-factorial-tls-b3-rf3-isr3-msg1024-tps1000-batch16384-acks1-prod12-compnone-trial3,1,998.1537500000001,998.1537500000001,998.1537500000001,0.9599999999999999,0.9599999999999999,0.9599999999999999,426.2974832000001,426.2974832000001,426.2974832000001,14311,14311.0,14311.0
security-overhead-final-factorial-tls-b3-rf3-isr3-msg1024-tps1000-batch16384-acks1-prod6-complz4-trial1,1,999.4548219999999,999.4548219999999,999.4548219999999,0.9600000000000001,0.9600000000000001,0.9600000000000001,119.8666932,119.8666932,119.8666932,7232,7232.0,7232.0
security-overhead-final-factorial-tls-b3-rf3-isr3-msg1024-tps1000-batch16384-acks1-prod6-complz4-trial2,1,999.5745550000001,999.5745550000001,999.5745550000001,0.9600000000000001,0.9600000000000001,0.9600000000000001,125.08004809999998,125.08004809999998,125.08004809999998,7359,7359.0,7359.0
security-overhead-final-factorial-tls-b3-rf3-isr3-msg1024-tps1000-batch16384-acks1-prod6-complz4-trial3,1,999.607501,999.607501,999.607501,0.9600000000000001,0.9600000000000001,0.9600000000000001,143.45497759999998,143.45497759999998,143.45497759999998,7827,7827.0,7827.0
security-overhead-final-factorial-tls-b3-rf3-isr3-msg1024-tps1000-batch16384-acks1-prod6-compnone-trial1,1,999.70115,999.70115,999.70115,0.9600000000000001,0.9600000000000001,0.9600000000000001,118.09841209999999,118.09841209999999,118.09841209999999,7588,7588.0,7588.0
security-overhead-final-factorial-tls-b3-rf3-isr3-msg1024-tps1000-batch16384-acks1-prod6-compnone-trial2,1,999.6682780000001,999.6682780000001,999.6682780000001,0.9600000000000001,0.9600000000000001,0.9600000000000001,111.2282384,111.2282384,111.2282384,7130,7130.0,7130.0
security-overhead-final-factorial-tls-b3-rf3-isr3-msg1024-tps1000-batch16384-acks1-prod6-compnone-trial3,1,999.641013,999.641013,999.641013,0.9600000000000001,0.9600000000000001,0.9600000000000001,108.27995950000002,108.27995950000002,108.27995950000002,7213,7213.0,7213.0
security-overhead-final-factorial-tls-b3-rf3-isr3-msg1024-tps1000-batch16384-acksall-prod1-complz4-trial1,1,999.770053,999.770053,999.770053,0.98,0.98,0.98,7.68,7.68,7.68,1120,1120.0,1120.0
security-overhead-final-factorial-tls-b3-rf3-isr3-msg1024-tps1000-batch16384-acksall-prod1-complz4-trial2,1,999.750062,999.750062,999.750062,0.98,0.98,0.98,7.59,7.59,7.59,1015,1015.0,1015.0
security-overhead-final-factorial-tls-b3-rf3-isr3-msg1024-tps1000-batch16384-acksall-prod1-complz4-trial3,1,999.70009,999.70009,999.70009,0.98,0.98,0.98,7.35,7.35,7.35,1092,1092.0,1092.0
security-overhead-final-factorial-tls-b3-rf3-isr3-msg1024-tps1000-batch16384-acksall-prod1-compnone-trial1,1,999.620144,999.620144,999.620144,0.98,0.98,0.98,10.11,10.11,10.11,1317,1317.0,1317.0
security-overhead-final-factorial-tls-b3-rf3-isr3-msg1024-tps1000-batch16384-acksall-prod1-compnone-trial2,1,999.770053,999.770053,999.770053,0.98,0.98,0.98,7.58,7.58,7.58,1055,1055.0,1055.0
security-overhead-final-factorial-tls-b3-rf3-isr3-msg1024-tps1000-batch16384-acksall-prod1-compnone-trial3,1,999.570185,999.570185,999.570185,0.98,0.98,0.98,7.61,7.61,7.61,1050,1050.0,1050.0
security-overhead-final-factorial-tls-b3-rf3-isr3-msg1024-tps1000-batch16384-acksall-prod12-complz4-trial1,1,998.2301369999999,998.2301369999999,998.2301369999999,0.9599999999999999,0.9599999999999999,0.9599999999999999,501.82236220000004,501.82236220000004,501.82236220000004,15526,15526.0,15526.0
security-overhead-final-factorial-tls-b3-rf3-isr3-msg1024-tps1000-batch16384-acksall-prod12-complz4-trial2,1,998.255753,998.255753,998.255753,0.9599999999999999,0.9599999999999999,0.9599999999999999,522.6248759,522.6248759,522.6248759,15915,15915.0,15915.0
security-overhead-final-factorial-tls-b3-rf3-isr3-msg1024-tps1000-batch16384-acksall-prod12-complz4-trial3,1,998.2172250000001,998.2172250000001,998.2172250000001,0.9599999999999999,0.9599999999999999,0.9599999999999999,527.3208652000001,527.3208652000001,527.3208652000001,15472,15472.0,15472.0
security-overhead-final-factorial-tls-b3-rf3-isr3-msg1024-tps1000-batch16384-acksall-prod12-compnone-trial1,1,997.954857,997.954857,997.954857,0.9599999999999999,0.9599999999999999,0.9599999999999999,519.5835817000001,519.5835817000001,519.5835817000001,15465,15465.0,15465.0
security-overhead-final-factorial-tls-b3-rf3-isr3-msg1024-tps1000-batch16384-acksall-prod12-compnone-trial2,1,998.441813,998.441813,998.441813,0.9599999999999999,0.9599999999999999,0.9599999999999999,529.7221678000001,529.7221678000001,529.7221678000001,15174,15174.0,15174.0
security-overhead-final-factorial-tls-b3-rf3-isr3-msg1024-tps1000-batch16384-acksall-prod12-compnone-trial3,1,998.2982679999999,998.2982679999999,998.2982679999999,0.9599999999999999,0.9599999999999999,0.9599999999999999,518.0630381000001,518.0630381000001,518.0630381000001,15270,15270.0,15270.0
security-overhead-final-factorial-tls-b3-rf3-isr3-msg1024-tps1000-batch16384-acksall-prod6-complz4-trial1,1,999.5274849999998,999.5274849999998,999.5274849999998,0.9600000000000001,0.9600000000000001,0.9600000000000001,127.8584393,127.8584393,127.8584393,7564,7564.0,7564.0
security-overhead-final-factorial-tls-b3-rf3-isr3-msg1024-tps1000-batch16384-acksall-prod6-complz4-trial2,1,999.6896330000001,999.6896330000001,999.6896330000001,0.9600000000000001,0.9600000000000001,0.9600000000000001,131.0285342,131.0285342,131.0285342,7771,7771.0,7771.0
security-overhead-final-factorial-tls-b3-rf3-isr3-msg1024-tps1000-batch16384-acksall-prod6-complz4-trial3,1,999.6192960000001,999.6192960000001,999.6192960000001,0.9600000000000001,0.9600000000000001,0.9600000000000001,130.0533048,130.0533048,130.0533048,7744,7744.0,7744.0
security-overhead-final-factorial-tls-b3-rf3-isr3-msg1024-tps1000-batch16384-acksall-prod6-compnone-trial1,1,999.6614679999999,999.6614679999999,999.6614679999999,0.9600000000000001,0.9600000000000001,0.9600000000000001,121.72828069999998,121.72828069999998,121.72828069999998,7478,7478.0,7478.0
security-overhead-final-factorial-tls-b3-rf3-isr3-msg1024-tps1000-batch16384-acksall-prod6-compnone-trial2,1,999.6994340000001,999.6994340000001,999.6994340000001,0.9600000000000001,0.9600000000000001,0.9600000000000001,133.039987,133.039987,133.039987,7554,7554.0,7554.0
security-overhead-final-factorial-tls-b3-rf3-isr3-msg1024-tps1000-batch16384-acksall-prod6-compnone-trial3,1,999.616078,999.616078,999.616078,0.9600000000000001,0.9600000000000001,0.9600000000000001,130.91675419999999,130.91675419999999,130.91675419999999,7594,7594.0,7594.0
security-overhead-final-factorial-tls-b3-rf3-isr3-msg1024-tps10000-batch131072-acks1-prod1-complz4-trial1,1,9976.057462,9976.057462,9976.057462,9.74,9.74,9.74,118.38,118.38,118.38,1062,1062.0,1062.0
security-overhead-final-factorial-tls-b3-rf3-isr3-msg1024-tps10000-batch131072-acks1-prod1-complz4-trial2,1,9960.159363,9960.159363,9960.159363,9.73,9.73,9.73,135.96,135.96,135.96,1069,1069.0,1069.0
security-overhead-final-factorial-tls-b3-rf3-isr3-msg1024-tps10000-batch131072-acks1-prod1-complz4-trial3,1,9975.062344,9975.062344,9975.062344,9.74,9.74,9.74,141.1,141.1,141.1,1135,1135.0,1135.0
security-overhead-final-factorial-tls-b3-rf3-isr3-msg1024-tps10000-batch131072-acks1-prod1-compnone-trial1,1,9971.083857,9971.083857,9971.083857,9.74,9.74,9.74,111.93,111.93,111.93,1033,1033.0,1033.0
security-overhead-final-factorial-tls-b3-rf3-isr3-msg1024-tps10000-batch131072-acks1-prod1-compnone-trial2,1,9954.210631,9954.210631,9954.210631,9.72,9.72,9.72,115.4,115.4,115.4,1103,1103.0,1103.0
security-overhead-final-factorial-tls-b3-rf3-isr3-msg1024-tps10000-batch131072-acks1-prod1-compnone-trial3,1,9975.062344,9975.062344,9975.062344,9.74,9.74,9.74,119.51,119.51,119.51,1111,1111.0,1111.0
security-overhead-final-factorial-tls-b3-rf3-isr3-msg1024-tps10000-batch131072-acks1-prod12-complz4-trial1,1,4756.477963,4756.477963,4756.477963,4.640000000000001,4.640000000000001,4.640000000000001,4167.6164651,4167.6164651,4167.6164651,15578,15578.0,15578.0
security-overhead-final-factorial-tls-b3-rf3-isr3-msg1024-tps10000-batch131072-acks1-prod12-complz4-trial2,1,4714.722584,4714.722584,4714.722584,4.609999999999999,4.609999999999999,4.609999999999999,4292.0907388,4292.0907388,4292.0907388,16443,16443.0,16443.0
security-overhead-final-factorial-tls-b3-rf3-isr3-msg1024-tps10000-batch131072-acks1-prod12-complz4-trial3,1,4719.976945,4719.976945,4719.976945,4.609999999999999,4.609999999999999,4.609999999999999,4348.0555237,4348.0555237,4348.0555237,16113,16113.0,16113.0
security-overhead-final-factorial-tls-b3-rf3-isr3-msg1024-tps10000-batch131072-acks1-prod12-compnone-trial1,1,4862.332633999999,4862.332633999999,4862.332633999999,4.75,4.75,4.75,4436.7893665,4436.7893665,4436.7893665,15557,15557.0,15557.0
security-overhead-final-factorial-tls-b3-rf3-isr3-msg1024-tps10000-batch131072-acks1-prod12-compnone-trial2,1,4880.818125999999,4880.818125999999,4880.818125999999,4.760000000000001,4.760000000000001,4.760000000000001,4388.535643,4388.535643,4388.535643,15570,15570.0,15570.0
security-overhead-final-factorial-tls-b3-rf3-isr3-msg1024-tps10000-batch131072-acks1-prod12-compnone-trial3,1,4899.982829,4899.982829,4899.982829,4.7700000000000005,4.7700000000000005,4.7700000000000005,4262.8488388999995,4262.8488388999995,4262.8488388999995,15734,15734.0,15734.0
security-overhead-final-factorial-tls-b3-rf3-isr3-msg1024-tps10000-batch131072-acks1-prod6-complz4-trial1,1,7402.338844,7402.338844,7402.338844,7.22,7.22,7.22,3427.3529759999997,3427.3529759999997,3427.3529759999997,8056,8056.0,8056.0
security-overhead-final-factorial-tls-b3-rf3-isr3-msg1024-tps10000-batch131072-acks1-prod6-complz4-trial2,1,7299.506084000001,7299.506084000001,7299.506084000001,7.12,7.12,7.12,3393.9621245999997,3393.9621245999997,3393.9621245999997,7653,7653.0,7653.0
security-overhead-final-factorial-tls-b3-rf3-isr3-msg1024-tps10000-batch131072-acks1-prod6-complz4-trial3,1,7338.714344,7338.714344,7338.714344,7.16,7.16,7.16,3482.6919867999995,3482.6919867999995,3482.6919867999995,7815,7815.0,7815.0
security-overhead-final-factorial-tls-b3-rf3-isr3-msg1024-tps10000-batch131072-acks1-prod6-compnone-trial1,1,7257.607746000001,7257.607746000001,7257.607746000001,7.09,7.09,7.09,3802.3412857999997,3802.3412857999997,3802.3412857999997,7485,7485.0,7485.0
security-overhead-final-factorial-tls-b3-rf3-isr3-msg1024-tps10000-batch131072-acks1-prod6-compnone-trial2,1,7462.0895519999995,7462.0895519999995,7462.0895519999995,7.279999999999999,7.279999999999999,7.279999999999999,3619.8768443,3619.8768443,3619.8768443,7575,7575.0,7575.0
security-overhead-final-factorial-tls-b3-rf3-isr3-msg1024-tps10000-batch131072-acks1-prod6-compnone-trial3,1,7545.719666999999,7545.719666999999,7545.719666999999,7.370000000000001,7.370000000000001,7.370000000000001,3556.165458,3556.165458,3556.165458,7370,7370.0,7370.0
security-overhead-final-factorial-tls-b3-rf3-isr3-msg1024-tps10000-batch131072-acksall-prod1-complz4-trial1,1,9975.062344,9975.062344,9975.062344,9.74,9.74,9.74,132.23,132.23,132.23,1140,1140.0,1140.0
security-overhead-final-factorial-tls-b3-rf3-isr3-msg1024-tps10000-batch131072-acksall-prod1-complz4-trial2,1,9979.044008,9979.044008,9979.044008,9.75,9.75,9.75,135.27,135.27,135.27,1142,1142.0,1142.0
security-overhead-final-factorial-tls-b3-rf3-isr3-msg1024-tps10000-batch131072-acksall-prod1-complz4-trial3,1,9969.095803,9969.095803,9969.095803,9.74,9.74,9.74,137.2,137.2,137.2,1193,1193.0,1193.0
security-overhead-final-factorial-tls-b3-rf3-isr3-msg1024-tps10000-batch131072-acksall-prod1-compnone-trial1,1,9975.062344,9975.062344,9975.062344,9.74,9.74,9.74,118.65,118.65,118.65,1076,1076.0,1076.0
security-overhead-final-factorial-tls-b3-rf3-isr3-msg1024-tps10000-batch131072-acksall-prod1-compnone-trial2,1,9975.062344,9975.062344,9975.062344,9.74,9.74,9.74,122.39,122.39,122.39,1139,1139.0,1139.0
security-overhead-final-factorial-tls-b3-rf3-isr3-msg1024-tps10000-batch131072-acksall-prod1-compnone-trial3,1,9967.108542,9967.108542,9967.108542,9.73,9.73,9.73,140.46,140.46,140.46,1150,1150.0,1150.0
security-overhead-final-factorial-tls-b3-rf3-isr3-msg1024-tps10000-batch131072-acksall-prod12-complz4-trial1,1,4597.756702000001,4597.756702000001,4597.756702000001,4.49,4.49,4.49,4110.319471,4110.319471,4110.319471,17770,17770.0,17770.0
security-overhead-final-factorial-tls-b3-rf3-isr3-msg1024-tps10000-batch131072-acksall-prod12-complz4-trial2,1,4584.275737000001,4584.275737000001,4584.275737000001,4.4799999999999995,4.4799999999999995,4.4799999999999995,4185.0085979,4185.0085979,4185.0085979,17267,17267.0,17267.0
security-overhead-final-factorial-tls-b3-rf3-isr3-msg1024-tps10000-batch131072-acksall-prod12-complz4-trial3,1,4545.981119,4545.981119,4545.981119,4.430000000000001,4.430000000000001,4.430000000000001,4220.506123600001,4220.506123600001,4220.506123600001,17843,17843.0,17843.0
security-overhead-final-factorial-tls-b3-rf3-isr3-msg1024-tps10000-batch131072-acksall-prod12-compnone-trial1,1,4700.748009,4700.748009,4700.748009,4.59,4.59,4.59,4488.245847300001,4488.245847300001,4488.245847300001,17535,17535.0,17535.0
security-overhead-final-factorial-tls-b3-rf3-isr3-msg1024-tps10000-batch131072-acksall-prod12-compnone-trial2,1,4744.345468,4744.345468,4744.345468,4.64,4.64,4.64,4277.430895099999,4277.430895099999,4277.430895099999,16979,16979.0,16979.0
security-overhead-final-factorial-tls-b3-rf3-isr3-msg1024-tps10000-batch131072-acksall-prod12-compnone-trial3,1,4672.314126,4672.314126,4672.314126,4.58,4.58,4.58,4399.909753999999,4399.909753999999,4399.909753999999,17295,17295.0,17295.0
security-overhead-final-factorial-tls-b3-rf3-isr3-msg1024-tps10000-batch131072-acksall-prod6-complz4-trial1,1,7024.216144,7024.216144,7024.216144,6.869999999999999,6.869999999999999,6.869999999999999,3477.1151263000006,3477.1151263000006,3477.1151263000006,8458,8458.0,8458.0
security-overhead-final-factorial-tls-b3-rf3-isr3-msg1024-tps10000-batch131072-acksall-prod6-complz4-trial2,1,7334.400742,7334.400742,7334.400742,7.16,7.16,7.16,3269.08734,3269.08734,3269.08734,8363,8363.0,8363.0
security-overhead-final-factorial-tls-b3-rf3-isr3-msg1024-tps10000-batch131072-acksall-prod6-complz4-trial3,1,6955.902129000001,6955.902129000001,6955.902129000001,6.8,6.8,6.8,3779.8394739,3779.8394739,3779.8394739,8273,8273.0,8273.0
security-overhead-final-factorial-tls-b3-rf3-isr3-msg1024-tps10000-batch131072-acksall-prod6-compnone-trial1,1,7432.007038,7432.007038,7432.007038,7.25,7.25,7.25,3614.9404432,3614.9404432,3614.9404432,8291,8291.0,8291.0
security-overhead-final-factorial-tls-b3-rf3-isr3-msg1024-tps10000-batch131072-acksall-prod6-compnone-trial2,1,7325.557690999999,7325.557690999999,7325.557690999999,7.16,7.16,7.16,3592.5328709000005,3592.5328709000005,3592.5328709000005,8831,8831.0,8831.0
security-overhead-final-factorial-tls-b3-rf3-isr3-msg1024-tps10000-batch131072-acksall-prod6-compnone-trial3,1,7489.531835,7489.531835,7489.531835,7.33,7.33,7.33,3433.7515136,3433.7515136,3433.7515136,8893,8893.0,8893.0
security-overhead-final-factorial-tls-b3-rf3-isr3-msg1024-tps10000-batch16384-acks1-prod1-complz4-trial1,1,9963.136395,9963.136395,9963.136395,9.73,9.73,9.73,250.6,250.6,250.6,1269,1269.0,1269.0
security-overhead-final-factorial-tls-b3-rf3-isr3-msg1024-tps10000-batch16384-acks1-prod1-complz4-trial2,1,9977.052779,9977.052779,9977.052779,9.74,9.74,9.74,228.83,228.83,228.83,1225,1225.0,1225.0
security-overhead-final-factorial-tls-b3-rf3-isr3-msg1024-tps10000-batch16384-acks1-prod1-complz4-trial3,1,9948.269001,9948.269001,9948.269001,9.72,9.72,9.72,176.53,176.53,176.53,1051,1051.0,1051.0
security-overhead-final-factorial-tls-b3-rf3-isr3-msg1024-tps10000-batch16384-acks1-prod1-compnone-trial1,1,9961.151509,9961.151509,9961.151509,9.73,9.73,9.73,163.15,163.15,163.15,1073,1073.0,1073.0
security-overhead-final-factorial-tls-b3-rf3-isr3-msg1024-tps10000-batch16384-acks1-prod1-compnone-trial2,1,9961.151509,9961.151509,9961.151509,9.73,9.73,9.73,212.43,212.43,212.43,1091,1091.0,1091.0
security-overhead-final-factorial-tls-b3-rf3-isr3-msg1024-tps10000-batch16384-acks1-prod1-compnone-trial3,1,9975.062344,9975.062344,9975.062344,9.74,9.74,9.74,198.71,198.71,198.71,1160,1160.0,1160.0
security-overhead-final-factorial-tls-b3-rf3-isr3-msg1024-tps10000-batch16384-acks1-prod12-complz4-trial1,1,3876.1155300000005,3876.1155300000005,3876.1155300000005,3.7699999999999996,3.7699999999999996,3.7699999999999996,6352.491159300001,6352.491159300001,6352.491159300001,16393,16393.0,16393.0
security-overhead-final-factorial-tls-b3-rf3-isr3-msg1024-tps10000-batch16384-acks1-prod12-complz4-trial2,1,3914.6903780000002,3914.6903780000002,3914.6903780000002,3.8399999999999994,3.8399999999999994,3.8399999999999994,6156.8220862,6156.8220862,6156.8220862,15758,15758.0,15758.0
security-overhead-final-factorial-tls-b3-rf3-isr3-msg1024-tps10000-batch16384-acks1-prod12-complz4-trial3,1,3697.176197,3697.176197,3697.176197,3.6299999999999994,3.6299999999999994,3.6299999999999994,6356.6690176,6356.6690176,6356.6690176,16734,16734.0,16734.0
security-overhead-final-factorial-tls-b3-rf3-isr3-msg1024-tps10000-batch16384-acks1-prod12-compnone-trial1,1,4193.732594,4193.732594,4193.732594,4.1,4.1,4.1,5946.7462986,5946.7462986,5946.7462986,15239,15239.0,15239.0
security-overhead-final-factorial-tls-b3-rf3-isr3-msg1024-tps10000-batch16384-acks1-prod12-compnone-trial2,1,4150.428016,4150.428016,4150.428016,4.039999999999999,4.039999999999999,4.039999999999999,5932.7898743000005,5932.7898743000005,5932.7898743000005,15498,15498.0,15498.0
security-overhead-final-factorial-tls-b3-rf3-isr3-msg1024-tps10000-batch16384-acks1-prod12-compnone-trial3,1,4210.1354679999995,4210.1354679999995,4210.1354679999995,4.109999999999999,4.109999999999999,4.109999999999999,5973.7158592000005,5973.7158592000005,5973.7158592000005,15553,15553.0,15553.0
security-overhead-final-factorial-tls-b3-rf3-isr3-msg1024-tps10000-batch16384-acks1-prod6-complz4-trial1,1,6372.526164,6372.526164,6372.526164,6.209999999999999,6.209999999999999,6.209999999999999,4246.2343386,4246.2343386,4246.2343386,8096,8096.0,8096.0
security-overhead-final-factorial-tls-b3-rf3-isr3-msg1024-tps10000-batch16384-acks1-prod6-complz4-trial2,1,6493.695979000001,6493.695979000001,6493.695979000001,6.35,6.35,6.35,4271.3139474,4271.3139474,4271.3139474,8035,8035.0,8035.0
security-overhead-final-factorial-tls-b3-rf3-isr3-msg1024-tps10000-batch16384-acks1-prod6-complz4-trial3,1,6265.098021000001,6265.098021000001,6265.098021000001,6.12,6.12,6.12,4454.0292445,4454.0292445,4454.0292445,7832,7832.0,7832.0
security-overhead-final-factorial-tls-b3-rf3-isr3-msg1024-tps10000-batch16384-acks1-prod6-compnone-trial1,1,6605.6241599999985,6605.6241599999985,6605.6241599999985,6.450000000000001,6.450000000000001,6.450000000000001,4709.816305,4709.816305,4709.816305,7694,7694.0,7694.0
security-overhead-final-factorial-tls-b3-rf3-isr3-msg1024-tps10000-batch16384-acks1-prod6-compnone-trial2,1,6533.57009,6533.57009,6533.57009,6.390000000000001,6.390000000000001,6.390000000000001,4779.723208200001,4779.723208200001,4779.723208200001,7850,7850.0,7850.0
security-overhead-final-factorial-tls-b3-rf3-isr3-msg1024-tps10000-batch16384-acks1-prod6-compnone-trial3,1,6731.505995,6731.505995,6731.505995,6.580000000000001,6.580000000000001,6.580000000000001,4587.202045,4587.202045,4587.202045,7600,7600.0,7600.0
security-overhead-final-factorial-tls-b3-rf3-isr3-msg1024-tps10000-batch16384-acksall-prod1-complz4-trial1,1,9954.210631,9954.210631,9954.210631,9.72,9.72,9.72,194.15,194.15,194.15,1074,1074.0,1074.0
security-overhead-final-factorial-tls-b3-rf3-isr3-msg1024-tps10000-batch16384-acksall-prod1-complz4-trial2,1,9976.057462,9976.057462,9976.057462,9.74,9.74,9.74,198.14,198.14,198.14,1181,1181.0,1181.0
security-overhead-final-factorial-tls-b3-rf3-isr3-msg1024-tps10000-batch16384-acksall-prod1-complz4-trial3,1,9971.083857,9971.083857,9971.083857,9.74,9.74,9.74,289.45,289.45,289.45,1292,1292.0,1292.0
security-overhead-final-factorial-tls-b3-rf3-isr3-msg1024-tps10000-batch16384-acksall-prod1-compnone-trial1,1,9975.062344,9975.062344,9975.062344,9.74,9.74,9.74,222.77,222.77,222.77,1206,1206.0,1206.0
security-overhead-final-factorial-tls-b3-rf3-isr3-msg1024-tps10000-batch16384-acksall-prod1-compnone-trial2,1,9972.078181,9972.078181,9972.078181,9.74,9.74,9.74,218.01,218.01,218.01,1321,1321.0,1321.0
security-overhead-final-factorial-tls-b3-rf3-isr3-msg1024-tps10000-batch16384-acksall-prod1-compnone-trial3,1,9974.067425,9974.067425,9974.067425,9.74,9.74,9.74,192.91,192.91,192.91,1217,1217.0,1217.0
security-overhead-final-factorial-tls-b3-rf3-isr3-msg1024-tps10000-batch16384-acksall-prod12-complz4-trial1,1,3799.1085929999995,3799.1085929999995,3799.1085929999995,3.72,3.72,3.72,6398.5040494,6398.5040494,6398.5040494,16232,16232.0,16232.0
security-overhead-final-factorial-tls-b3-rf3-isr3-msg1024-tps10000-batch16384-acksall-prod12-complz4-trial2,1,3818.865999,3818.865999,3818.865999,3.7399999999999998,3.7399999999999998,3.7399999999999998,6063.4981444000005,6063.4981444000005,6063.4981444000005,16383,16383.0,16383.0
security-overhead-final-factorial-tls-b3-rf3-isr3-msg1024-tps10000-batch16384-acksall-prod12-complz4-trial3,1,3766.325507,3766.325507,3766.325507,3.68,3.68,3.68,6357.7053854,6357.7053854,6357.7053854,16370,16370.0,16370.0
security-overhead-final-factorial-tls-b3-rf3-isr3-msg1024-tps10000-batch16384-acksall-prod12-compnone-trial1,1,4024.793702,4024.793702,4024.793702,3.92,3.92,3.92,6054.7447574,6054.7447574,6054.7447574,16113,16113.0,16113.0
security-overhead-final-factorial-tls-b3-rf3-isr3-msg1024-tps10000-batch16384-acksall-prod12-compnone-trial2,1,4041.639087999999,4041.639087999999,4041.639087999999,3.98,3.98,3.98,6013.972489399998,6013.972489399998,6013.972489399998,16130,16130.0,16130.0
security-overhead-final-factorial-tls-b3-rf3-isr3-msg1024-tps10000-batch16384-acksall-prod12-compnone-trial3,1,3806.406954000001,3806.406954000001,3806.406954000001,3.72,3.72,3.72,6251.720028399999,6251.720028399999,6251.720028399999,17165,17165.0,17165.0
security-overhead-final-factorial-tls-b3-rf3-isr3-msg1024-tps10000-batch16384-acksall-prod6-complz4-trial1,1,6186.838498,6186.838498,6186.838498,6.04,6.04,6.04,4438.5233062,4438.5233062,4438.5233062,8091,8091.0,8091.0
security-overhead-final-factorial-tls-b3-rf3-isr3-msg1024-tps10000-batch16384-acksall-prod6-complz4-trial2,1,6124.368072000001,6124.368072000001,6124.368072000001,5.9799999999999995,5.9799999999999995,5.9799999999999995,4523.4833534,4523.4833534,4523.4833534,8309,8309.0,8309.0
security-overhead-final-factorial-tls-b3-rf3-isr3-msg1024-tps10000-batch16384-acksall-prod6-complz4-trial3,1,6264.5132029999995,6264.5132029999995,6264.5132029999995,6.130000000000001,6.130000000000001,6.130000000000001,4385.846480300001,4385.846480300001,4385.846480300001,8185,8185.0,8185.0
security-overhead-final-factorial-tls-b3-rf3-isr3-msg1024-tps10000-batch16384-acksall-prod6-compnone-trial1,1,6384.8259419999995,6384.8259419999995,6384.8259419999995,6.23,6.23,6.23,4787.6246484,4787.6246484,4787.6246484,7972,7972.0,7972.0
security-overhead-final-factorial-tls-b3-rf3-isr3-msg1024-tps10000-batch16384-acksall-prod6-compnone-trial2,1,6411.9319780000005,6411.9319780000005,6411.9319780000005,6.26,6.26,6.26,4838.300016,4838.300016,4838.300016,7856,7856.0,7856.0
security-overhead-final-factorial-tls-b3-rf3-isr3-msg1024-tps10000-batch16384-acksall-prod6-compnone-trial3,1,6503.747255,6503.747255,6503.747255,6.34,6.34,6.34,4657.5086273,4657.5086273,4657.5086273,7919,7919.0,7919.0
security-overhead-final-factorial-tls-b3-rf3-isr3-msg10240-tps1000-batch131072-acks1-prod1-complz4-trial1,1,999.740068,999.740068,999.740068,9.76,9.76,9.76,11.01,11.01,11.01,1107,1107.0,1107.0
security-overhead-final-factorial-tls-b3-rf3-isr3-msg10240-tps1000-batch131072-acks1-prod1-complz4-trial2,1,999.750062,999.750062,999.750062,9.76,9.76,9.76,11.05,11.05,11.05,1057,1057.0,1057.0
security-overhead-final-factorial-tls-b3-rf3-isr3-msg10240-tps1000-batch131072-acks1-prod1-complz4-trial3,1,999.780048,999.780048,999.780048,9.76,9.76,9.76,11.57,11.57,11.57,1145,1145.0,1145.0
security-overhead-final-factorial-tls-b3-rf3-isr3-msg10240-tps1000-batch131072-acks1-prod1-compnone-trial1,1,999.590168,999.590168,999.590168,9.76,9.76,9.76,10.72,10.72,10.72,1103,1103.0,1103.0
security-overhead-final-factorial-tls-b3-rf3-isr3-msg10240-tps1000-batch131072-acks1-prod1-compnone-trial2,1,999.610152,999.610152,999.610152,9.76,9.76,9.76,10.63,10.63,10.63,1078,1078.0,1078.0
security-overhead-final-factorial-tls-b3-rf3-isr3-msg10240-tps1000-batch131072-acks1-prod1-compnone-trial3,1,999.780048,999.780048,999.780048,9.76,9.76,9.76,11.51,11.51,11.51,1117,1117.0,1117.0
security-overhead-final-factorial-tls-b3-rf3-isr3-msg10240-tps1000-batch131072-acks1-prod12-complz4-trial1,1,998.036027,998.036027,998.036027,9.76,9.76,9.76,1413.6631091,1413.6631091,1413.6631091,16648,16648.0,16648.0
security-overhead-final-factorial-tls-b3-rf3-isr3-msg10240-tps1000-batch131072-acks1-prod12-complz4-trial2,1,997.601285,997.601285,997.601285,9.76,9.76,9.76,1527.2566827,1527.2566827,1527.2566827,17193,17193.0,17193.0
security-overhead-final-factorial-tls-b3-rf3-isr3-msg10240-tps1000-batch131072-acks1-prod12-complz4-trial3,1,997.913312,997.913312,997.913312,9.76,9.76,9.76,1464.3283778,1464.3283778,1464.3283778,16268,16268.0,16268.0
security-overhead-final-factorial-tls-b3-rf3-isr3-msg10240-tps1000-batch131072-acks1-prod12-compnone-trial1,1,997.799004,997.799004,997.799004,9.76,9.76,9.76,1367.2071792000002,1367.2071792000002,1367.2071792000002,15511,15511.0,15511.0
security-overhead-final-factorial-tls-b3-rf3-isr3-msg10240-tps1000-batch131072-acks1-prod12-compnone-trial2,1,998.070477,998.070477,998.070477,9.76,9.76,9.76,1338.0499877,1338.0499877,1338.0499877,16027,16027.0,16027.0
security-overhead-final-factorial-tls-b3-rf3-isr3-msg10240-tps1000-batch131072-acks1-prod12-compnone-trial3,1,998.306263,998.306263,998.306263,9.76,9.76,9.76,1371.4187064000002,1371.4187064000002,1371.4187064000002,15726,15726.0,15726.0
security-overhead-final-factorial-tls-b3-rf3-isr3-msg10240-tps1000-batch131072-acks1-prod6-complz4-trial1,1,999.5914399999999,999.5914399999999,999.5914399999999,9.76,9.76,9.76,345.5050067,345.5050067,345.5050067,8066,8066.0,8066.0
security-overhead-final-factorial-tls-b3-rf3-isr3-msg10240-tps1000-batch131072-acks1-prod6-complz4-trial2,1,999.540744,999.540744,999.540744,9.76,9.76,9.76,347.5563424,347.5563424,347.5563424,8129,8129.0,8129.0
security-overhead-final-factorial-tls-b3-rf3-isr3-msg10240-tps1000-batch131072-acks1-prod6-complz4-trial3,1,999.556391,999.556391,999.556391,9.76,9.76,9.76,352.2950279,352.2950279,352.2950279,8171,8171.0,8171.0
security-overhead-final-factorial-tls-b3-rf3-isr3-msg10240-tps1000-batch131072-acks1-prod6-compnone-trial1,1,999.4873789999999,999.4873789999999,999.4873789999999,9.76,9.76,9.76,324.41172009999997,324.41172009999997,324.41172009999997,7597,7597.0,7597.0
security-overhead-final-factorial-tls-b3-rf3-isr3-msg10240-tps1000-batch131072-acks1-prod6-compnone-trial2,1,999.576109,999.576109,999.576109,9.76,9.76,9.76,320.37137029999997,320.37137029999997,320.37137029999997,7607,7607.0,7607.0
security-overhead-final-factorial-tls-b3-rf3-isr3-msg10240-tps1000-batch131072-acks1-prod6-compnone-trial3,1,999.6514520000001,999.6514520000001,999.6514520000001,9.76,9.76,9.76,325.8807476,325.8807476,325.8807476,7616,7616.0,7616.0
security-overhead-final-factorial-tls-b3-rf3-isr3-msg10240-tps1000-batch131072-acksall-prod1-complz4-trial1,1,999.590168,999.590168,999.590168,9.76,9.76,9.76,23.57,23.57,23.57,1472,1472.0,1472.0
security-overhead-final-factorial-tls-b3-rf3-isr3-msg10240-tps1000-batch131072-acksall-prod1-complz4-trial2,1,999.64013,999.64013,999.64013,9.76,9.76,9.76,13.47,13.47,13.47,1098,1098.0,1098.0
security-overhead-final-factorial-tls-b3-rf3-isr3-msg10240-tps1000-batch131072-acksall-prod1-complz4-trial3,1,999.760058,999.760058,999.760058,9.76,9.76,9.76,13.85,13.85,13.85,1249,1249.0,1249.0
security-overhead-final-factorial-tls-b3-rf3-isr3-msg10240-tps1000-batch131072-acksall-prod1-compnone-trial1,1,999.620144,999.620144,999.620144,9.76,9.76,9.76,13.72,13.72,13.72,1216,1216.0,1216.0
security-overhead-final-factorial-tls-b3-rf3-isr3-msg10240-tps1000-batch131072-acksall-prod1-compnone-trial2,1,999.630137,999.630137,999.630137,9.76,9.76,9.76,12.95,12.95,12.95,1141,1141.0,1141.0
security-overhead-final-factorial-tls-b3-rf3-isr3-msg10240-tps1000-batch131072-acksall-prod1-compnone-trial3,1,999.540212,999.540212,999.540212,9.76,9.76,9.76,15.13,15.13,15.13,1183,1183.0,1183.0
security-overhead-final-factorial-tls-b3-rf3-isr3-msg10240-tps1000-batch131072-acksall-prod12-complz4-trial1,1,997.769697,997.769697,997.769697,9.76,9.76,9.76,1444.6920180000002,1444.6920180000002,1444.6920180000002,17124,17124.0,17124.0
security-overhead-final-factorial-tls-b3-rf3-isr3-msg10240-tps1000-batch131072-acksall-prod12-complz4-trial2,1,998.140683,998.140683,998.140683,9.76,9.76,9.76,1530.7809194,1530.7809194,1530.7809194,17993,17993.0,17993.0
security-overhead-final-factorial-tls-b3-rf3-isr3-msg10240-tps1000-batch131072-acksall-prod12-complz4-trial3,1,997.945566,997.945566,997.945566,9.76,9.76,9.76,1445.8115433,1445.8115433,1445.8115433,17280,17280.0,17280.0
security-overhead-final-factorial-tls-b3-rf3-isr3-msg10240-tps1000-batch131072-acksall-prod12-compnone-trial1,1,997.735587,997.735587,997.735587,9.76,9.76,9.76,1451.5609017,1451.5609017,1451.5609017,16518,16518.0,16518.0
security-overhead-final-factorial-tls-b3-rf3-isr3-msg10240-tps1000-batch131072-acksall-prod12-compnone-trial2,1,997.736928,997.736928,997.736928,9.76,9.76,9.76,1505.0528108,1505.0528108,1505.0528108,17152,17152.0,17152.0
security-overhead-final-factorial-tls-b3-rf3-isr3-msg10240-tps1000-batch131072-acksall-prod12-compnone-trial3,1,997.928161,997.928161,997.928161,9.76,9.76,9.76,1451.0108278,1451.0108278,1451.0108278,17377,17377.0,17377.0
security-overhead-final-factorial-tls-b3-rf3-isr3-msg10240-tps1000-batch131072-acksall-prod6-complz4-trial1,1,999.2950470000001,999.2950470000001,999.2950470000001,9.76,9.76,9.76,371.8322643,371.8322643,371.8322643,8239,8239.0,8239.0
security-overhead-final-factorial-tls-b3-rf3-isr3-msg10240-tps1000-batch131072-acksall-prod6-complz4-trial2,1,999.65828,999.65828,999.65828,9.76,9.76,9.76,374.8737914,374.8737914,374.8737914,8749,8749.0,8749.0
security-overhead-final-factorial-tls-b3-rf3-isr3-msg10240-tps1000-batch131072-acksall-prod6-complz4-trial3,1,999.600922,999.600922,999.600922,9.76,9.76,9.76,356.321901,356.321901,356.321901,8514,8514.0,8514.0
security-overhead-final-factorial-tls-b3-rf3-isr3-msg10240-tps1000-batch131072-acksall-prod6-compnone-trial1,1,999.6175450000001,999.6175450000001,999.6175450000001,9.76,9.76,9.76,371.0950692,371.0950692,371.0950692,8693,8693.0,8693.0
security-overhead-final-factorial-tls-b3-rf3-isr3-msg10240-tps1000-batch131072-acksall-prod6-compnone-trial2,1,999.234203,999.234203,999.234203,9.76,9.76,9.76,358.38163710000003,358.38163710000003,358.38163710000003,8428,8428.0,8428.0
security-overhead-final-factorial-tls-b3-rf3-isr3-msg10240-tps1000-batch131072-acksall-prod6-compnone-trial3,1,999.518072,999.518072,999.518072,9.76,9.76,9.76,361.1350554,361.1350554,361.1350554,8199,8199.0,8199.0
security-overhead-final-factorial-tls-b3-rf3-isr3-msg10240-tps1000-batch16384-acks1-prod1-complz4-trial1,1,999.730073,999.730073,999.730073,9.76,9.76,9.76,14.6,14.6,14.6,1030,1030.0,1030.0
security-overhead-final-factorial-tls-b3-rf3-isr3-msg10240-tps1000-batch16384-acks1-prod1-complz4-trial2,1,999.740068,999.740068,999.740068,9.76,9.76,9.76,15.01,15.01,15.01,1070,1070.0,1070.0
security-overhead-final-factorial-tls-b3-rf3-isr3-msg10240-tps1000-batch16384-acks1-prod1-complz4-trial3,1,999.690096,999.690096,999.690096,9.76,9.76,9.76,19.05,19.05,19.05,1037,1037.0,1037.0
security-overhead-final-factorial-tls-b3-rf3-isr3-msg10240-tps1000-batch16384-acks1-prod1-compnone-trial1,1,999.740068,999.740068,999.740068,9.76,9.76,9.76,14.44,14.44,14.44,1095,1095.0,1095.0
security-overhead-final-factorial-tls-b3-rf3-isr3-msg10240-tps1000-batch16384-acks1-prod1-compnone-trial2,1,999.64013,999.64013,999.64013,9.76,9.76,9.76,13.74,13.74,13.74,1035,1035.0,1035.0
security-overhead-final-factorial-tls-b3-rf3-isr3-msg10240-tps1000-batch16384-acks1-prod1-compnone-trial3,1,999.580176,999.580176,999.580176,9.76,9.76,9.76,13.58,13.58,13.58,1044,1044.0,1044.0
security-overhead-final-factorial-tls-b3-rf3-isr3-msg10240-tps1000-batch16384-acks1-prod12-complz4-trial1,1,997.043437,997.043437,997.043437,9.76,9.76,9.76,3814.0182488,3814.0182488,3814.0182488,16284,16284.0,16284.0
security-overhead-final-factorial-tls-b3-rf3-isr3-msg10240-tps1000-batch16384-acks1-prod12-complz4-trial2,1,997.578038,997.578038,997.578038,9.76,9.76,9.76,3559.3783940999997,3559.3783940999997,3559.3783940999997,15975,15975.0,15975.0
security-overhead-final-factorial-tls-b3-rf3-isr3-msg10240-tps1000-batch16384-acks1-prod12-complz4-trial3,1,997.857629,997.857629,997.857629,9.76,9.76,9.76,3459.1325016,3459.1325016,3459.1325016,15831,15831.0,15831.0
security-overhead-final-factorial-tls-b3-rf3-isr3-msg10240-tps1000-batch16384-acks1-prod12-compnone-trial1,1,998.002589,998.002589,998.002589,9.760000000000003,9.760000000000003,9.760000000000003,2832.376988,2832.376988,2832.376988,15010,15010.0,15010.0
security-overhead-final-factorial-tls-b3-rf3-isr3-msg10240-tps1000-batch16384-acks1-prod12-compnone-trial2,1,997.902109,997.902109,997.902109,9.760000000000003,9.760000000000003,9.760000000000003,2930.5548781,2930.5548781,2930.5548781,15340,15340.0,15340.0
security-overhead-final-factorial-tls-b3-rf3-isr3-msg10240-tps1000-batch16384-acks1-prod12-compnone-trial3,1,997.291732,997.291732,997.291732,9.76,9.76,9.76,2848.0571624,2848.0571624,2848.0571624,15440,15440.0,15440.0
security-overhead-final-factorial-tls-b3-rf3-isr3-msg10240-tps1000-batch16384-acks1-prod6-complz4-trial1,1,999.701648,999.701648,999.701648,9.760000000000002,9.760000000000002,9.760000000000002,785.8251805,785.8251805,785.8251805,7749,7749.0,7749.0
security-overhead-final-factorial-tls-b3-rf3-isr3-msg10240-tps1000-batch16384-acks1-prod6-complz4-trial2,1,999.316048,999.316048,999.316048,9.760000000000002,9.760000000000002,9.760000000000002,852.5476025999999,852.5476025999999,852.5476025999999,7588,7588.0,7588.0
security-overhead-final-factorial-tls-b3-rf3-isr3-msg10240-tps1000-batch16384-acks1-prod6-complz4-trial3,1,999.486797,999.486797,999.486797,9.760000000000002,9.760000000000002,9.760000000000002,822.0540481,822.0540481,822.0540481,7862,7862.0,7862.0
security-overhead-final-factorial-tls-b3-rf3-isr3-msg10240-tps1000-batch16384-acks1-prod6-compnone-trial1,1,999.557394,999.557394,999.557394,9.760000000000002,9.760000000000002,9.760000000000002,749.3906263000001,749.3906263000001,749.3906263000001,7859,7859.0,7859.0
security-overhead-final-factorial-tls-b3-rf3-isr3-msg10240-tps1000-batch16384-acks1-prod6-compnone-trial2,1,999.634319,999.634319,999.634319,9.760000000000002,9.760000000000002,9.760000000000002,664.6915878000001,664.6915878000001,664.6915878000001,7520,7520.0,7520.0
security-overhead-final-factorial-tls-b3-rf3-isr3-msg10240-tps1000-batch16384-acks1-prod6-compnone-trial3,1,999.6478689999999,999.6478689999999,999.6478689999999,9.760000000000002,9.760000000000002,9.760000000000002,655.8671958,655.8671958,655.8671958,7577,7577.0,7577.0
security-overhead-final-factorial-tls-b3-rf3-isr3-msg10240-tps1000-batch16384-acksall-prod1-complz4-trial1,1,999.710084,999.710084,999.710084,9.76,9.76,9.76,17.98,17.98,17.98,1123,1123.0,1123.0
security-overhead-final-factorial-tls-b3-rf3-isr3-msg10240-tps1000-batch16384-acksall-prod1-complz4-trial2,1,999.750062,999.750062,999.750062,9.76,9.76,9.76,18.98,18.98,18.98,1086,1086.0,1086.0
security-overhead-final-factorial-tls-b3-rf3-isr3-msg10240-tps1000-batch16384-acksall-prod1-complz4-trial3,1,999.780048,999.780048,999.780048,9.76,9.76,9.76,20.22,20.22,20.22,1163,1163.0,1163.0
security-overhead-final-factorial-tls-b3-rf3-isr3-msg10240-tps1000-batch16384-acksall-prod1-compnone-trial1,1,999.64013,999.64013,999.64013,9.76,9.76,9.76,17.33,17.33,17.33,1052,1052.0,1052.0
security-overhead-final-factorial-tls-b3-rf3-isr3-msg10240-tps1000-batch16384-acksall-prod1-compnone-trial2,1,999.690096,999.690096,999.690096,9.76,9.76,9.76,21.94,21.94,21.94,1207,1207.0,1207.0
security-overhead-final-factorial-tls-b3-rf3-isr3-msg10240-tps1000-batch16384-acksall-prod1-compnone-trial3,1,999.710084,999.710084,999.710084,9.76,9.76,9.76,15.96,15.96,15.96,1068,1068.0,1068.0
security-overhead-final-factorial-tls-b3-rf3-isr3-msg10240-tps1000-batch16384-acksall-prod12-complz4-trial1,1,997.654196,997.654196,997.654196,9.76,9.76,9.76,4516.1885837,4516.1885837,4516.1885837,17589,17589.0,17589.0
security-overhead-final-factorial-tls-b3-rf3-isr3-msg10240-tps1000-batch16384-acksall-prod12-complz4-trial2,1,997.90038,997.90038,997.90038,9.76,9.76,9.76,4369.978042,4369.978042,4369.978042,16314,16314.0,16314.0
security-overhead-final-factorial-tls-b3-rf3-isr3-msg10240-tps1000-batch16384-acksall-prod12-complz4-trial3,1,997.351237,997.351237,997.351237,9.76,9.76,9.76,4580.3680899,4580.3680899,4580.3680899,17111,17111.0,17111.0
security-overhead-final-factorial-tls-b3-rf3-isr3-msg10240-tps1000-batch16384-acksall-prod12-compnone-trial1,1,997.945715,997.945715,997.945715,9.76,9.76,9.76,3465.9197714999996,3465.9197714999996,3465.9197714999996,16519,16519.0,16519.0
security-overhead-final-factorial-tls-b3-rf3-isr3-msg10240-tps1000-batch16384-acksall-prod12-compnone-trial2,1,997.746629,997.746629,997.746629,9.76,9.76,9.76,3598.4250340000003,3598.4250340000003,3598.4250340000003,16454,16454.0,16454.0
security-overhead-final-factorial-tls-b3-rf3-isr3-msg10240-tps1000-batch16384-acksall-prod12-compnone-trial3,1,997.711215,997.711215,997.711215,9.76,9.76,9.76,3462.0338496,3462.0338496,3462.0338496,16025,16025.0,16025.0
security-overhead-final-factorial-tls-b3-rf3-isr3-msg10240-tps1000-batch16384-acksall-prod6-complz4-trial1,1,999.459379,999.459379,999.459379,9.76,9.76,9.76,1009.0510119999999,1009.0510119999999,1009.0510119999999,7887,7887.0,7887.0
security-overhead-final-factorial-tls-b3-rf3-isr3-msg10240-tps1000-batch16384-acksall-prod6-complz4-trial2,1,999.1890619999999,999.1890619999999,999.1890619999999,9.76,9.76,9.76,1089.0302333,1089.0302333,1089.0302333,8126,8126.0,8126.0
security-overhead-final-factorial-tls-b3-rf3-isr3-msg10240-tps1000-batch16384-acksall-prod6-complz4-trial3,1,999.5091620000001,999.5091620000001,999.5091620000001,9.76,9.76,9.76,1006.5213106,1006.5213106,1006.5213106,8007,8007.0,8007.0
security-overhead-final-factorial-tls-b3-rf3-isr3-msg10240-tps1000-batch16384-acksall-prod6-compnone-trial1,1,999.6377050000001,999.6377050000001,999.6377050000001,9.76,9.76,9.76,854.1335713,854.1335713,854.1335713,8184,8184.0,8184.0
security-overhead-final-factorial-tls-b3-rf3-isr3-msg10240-tps1000-batch16384-acksall-prod6-compnone-trial2,1,999.623267,999.623267,999.623267,9.76,9.76,9.76,784.638778,784.638778,784.638778,7757,7757.0,7757.0
security-overhead-final-factorial-tls-b3-rf3-isr3-msg10240-tps1000-batch16384-acksall-prod6-compnone-trial3,1,999.644427,999.644427,999.644427,9.76,9.76,9.76,803.3952044,803.3952044,803.3952044,7750,7750.0,7750.0
security-overhead-final-factorial-tls-b3-rf3-isr3-msg10240-tps10000-batch131072-acks1-prod1-complz4-trial1,1,7503.0012,7503.0012,7503.0012,73.27,73.27,73.27,73.91,73.91,73.91,1111,1111.0,1111.0
security-overhead-final-factorial-tls-b3-rf3-isr3-msg10240-tps10000-batch131072-acks1-prod1-complz4-trial2,1,7137.249304,7137.249304,7137.249304,69.7,69.7,69.7,70.89,70.89,70.89,1123,1123.0,1123.0
security-overhead-final-factorial-tls-b3-rf3-isr3-msg10240-tps10000-batch131072-acks1-prod1-complz4-trial3,1,7194.244604,7194.244604,7194.244604,70.26,70.26,70.26,66.67,66.67,66.67,1163,1163.0,1163.0
security-overhead-final-factorial-tls-b3-rf3-isr3-msg10240-tps10000-batch131072-acks1-prod1-compnone-trial1,1,9074.410163,9074.410163,9074.410163,88.62,88.62,88.62,72.83,72.83,72.83,1124,1124.0,1124.0
security-overhead-final-factorial-tls-b3-rf3-isr3-msg10240-tps10000-batch131072-acks1-prod1-compnone-trial2,1,8823.010411,8823.010411,8823.010411,86.16,86.16,86.16,78.49,78.49,78.49,1230,1230.0,1230.0
security-overhead-final-factorial-tls-b3-rf3-isr3-msg10240-tps10000-batch131072-acks1-prod1-compnone-trial3,1,8309.788931,8309.788931,8309.788931,81.15,81.15,81.15,85.65,85.65,85.65,1214,1214.0,1214.0
security-overhead-final-factorial-tls-b3-rf3-isr3-msg10240-tps10000-batch131072-acks1-prod12-complz4-trial1,1,2447.145838,2447.145838,2447.145838,23.9,23.9,23.9,7729.3130218999995,7729.3130218999995,7729.3130218999995,16122,16122.0,16122.0
security-overhead-final-factorial-tls-b3-rf3-isr3-msg10240-tps10000-batch131072-acks1-prod12-complz4-trial2,1,2447.798611,2447.798611,2447.798611,23.91,23.91,23.91,7690.6211363,7690.6211363,7690.6211363,16393,16393.0,16393.0
security-overhead-final-factorial-tls-b3-rf3-isr3-msg10240-tps10000-batch131072-acks1-prod12-complz4-trial3,1,2341.258879,2341.258879,2341.258879,22.87,22.87,22.87,8111.1654726,8111.1654726,8111.1654726,15947,15947.0,15947.0
security-overhead-final-factorial-tls-b3-rf3-isr3-msg10240-tps10000-batch131072-acks1-prod12-compnone-trial1,1,2526.115688,2526.115688,2526.115688,24.65,24.65,24.65,8153.1777182999995,8153.1777182999995,8153.1777182999995,17380,17380.0,17380.0
security-overhead-final-factorial-tls-b3-rf3-isr3-msg10240-tps10000-batch131072-acks1-prod12-compnone-trial2,1,2513.318205,2513.318205,2513.318205,24.53,24.53,24.53,8144.560515900001,8144.560515900001,8144.560515900001,16122,16122.0,16122.0
security-overhead-final-factorial-tls-b3-rf3-isr3-msg10240-tps10000-batch131072-acks1-prod12-compnone-trial3,1,2557.479155,2557.479155,2557.479155,24.97,24.97,24.97,7892.7111491,7892.7111491,7892.7111491,16498,16498.0,16498.0
security-overhead-final-factorial-tls-b3-rf3-isr3-msg10240-tps10000-batch131072-acks1-prod6-complz4-trial1,1,3564.875935,3564.875935,3564.875935,34.82,34.82,34.82,2870.0691629000003,2870.0691629000003,2870.0691629000003,8351,8351.0,8351.0
security-overhead-final-factorial-tls-b3-rf3-isr3-msg10240-tps10000-batch131072-acks1-prod6-complz4-trial2,1,3715.751725,3715.751725,3715.751725,36.29,36.29,36.29,2630.4890948999996,2630.4890948999996,2630.4890948999996,7684,7684.0,7684.0
security-overhead-final-factorial-tls-b3-rf3-isr3-msg10240-tps10000-batch131072-acks1-prod6-complz4-trial3,1,3793.4328610000002,3793.4328610000002,3793.4328610000002,37.05,37.05,37.05,2280.4302742,2280.4302742,2280.4302742,8182,8182.0,8182.0
security-overhead-final-factorial-tls-b3-rf3-isr3-msg10240-tps10000-batch131072-acks1-prod6-compnone-trial1,1,4142.582038,4142.582038,4142.582038,40.45,40.45,40.45,2790.015421,2790.015421,2790.015421,7876,7876.0,7876.0
security-overhead-final-factorial-tls-b3-rf3-isr3-msg10240-tps10000-batch131072-acks1-prod6-compnone-trial2,1,3878.491261,3878.491261,3878.491261,37.88,37.88,37.88,3086.2338492000003,3086.2338492000003,3086.2338492000003,8387,8387.0,8387.0
security-overhead-final-factorial-tls-b3-rf3-isr3-msg10240-tps10000-batch131072-acks1-prod6-compnone-trial3,1,4070.785142,4070.785142,4070.785142,39.76,39.76,39.76,2861.3186395,2861.3186395,2861.3186395,7845,7845.0,7845.0
security-overhead-final-factorial-tls-b3-rf3-isr3-msg10240-tps10000-batch131072-acksall-prod1-complz4-trial1,1,7244.801855,7244.801855,7244.801855,70.75,70.75,70.75,86.43,86.43,86.43,1275,1275.0,1275.0
security-overhead-final-factorial-tls-b3-rf3-isr3-msg10240-tps10000-batch131072-acksall-prod1-complz4-trial2,1,7404.116689,7404.116689,7404.116689,72.31,72.31,72.31,57.46,57.46,57.46,1195,1195.0,1195.0
security-overhead-final-factorial-tls-b3-rf3-isr3-msg10240-tps10000-batch131072-acksall-prod1-complz4-trial3,1,7217.610971,7217.610971,7217.610971,70.48,70.48,70.48,83.18,83.18,83.18,1108,1108.0,1108.0
security-overhead-final-factorial-tls-b3-rf3-isr3-msg10240-tps10000-batch131072-acksall-prod1-compnone-trial1,1,8404.067569,8404.067569,8404.067569,82.07,82.07,82.07,110.18,110.18,110.18,1133,1133.0,1133.0
security-overhead-final-factorial-tls-b3-rf3-isr3-msg10240-tps10000-batch131072-acksall-prod1-compnone-trial2,1,8758.868354,8758.868354,8758.868354,85.54,85.54,85.54,88.02,88.02,88.02,1221,1221.0,1221.0
security-overhead-final-factorial-tls-b3-rf3-isr3-msg10240-tps10000-batch131072-acksall-prod1-compnone-trial3,1,8855.827134,8855.827134,8855.827134,86.48,86.48,86.48,86.85,86.85,86.85,1195,1195.0,1195.0
security-overhead-final-factorial-tls-b3-rf3-isr3-msg10240-tps10000-batch131072-acksall-prod12-complz4-trial1,1,2323.023037,2323.023037,2323.023037,22.7,22.7,22.7,8055.088076800001,8055.088076800001,8055.088076800001,17714,17714.0,17714.0
security-overhead-final-factorial-tls-b3-rf3-isr3-msg10240-tps10000-batch131072-acksall-prod12-complz4-trial2,1,2242.770955,2242.770955,2242.770955,21.900000000000002,21.900000000000002,21.900000000000002,8542.2977116,8542.2977116,8542.2977116,17596,17596.0,17596.0
security-overhead-final-factorial-tls-b3-rf3-isr3-msg10240-tps10000-batch131072-acksall-prod12-complz4-trial3,1,2414.267289,2414.267289,2414.267289,23.57,23.57,23.57,7612.062533200001,7612.062533200001,7612.062533200001,17352,17352.0,17352.0
security-overhead-final-factorial-tls-b3-rf3-isr3-msg10240-tps10000-batch131072-acksall-prod12-compnone-trial1,1,2464.432909,2464.432909,2464.432909,24.06,24.06,24.06,8133.075471900001,8133.075471900001,8133.075471900001,18054,18054.0,18054.0
security-overhead-final-factorial-tls-b3-rf3-isr3-msg10240-tps10000-batch131072-acksall-prod12-compnone-trial2,1,2479.598381,2479.598381,2479.598381,24.21,24.21,24.21,8140.5903684,8140.5903684,8140.5903684,17737,17737.0,17737.0
security-overhead-final-factorial-tls-b3-rf3-isr3-msg10240-tps10000-batch131072-acksall-prod12-compnone-trial3,1,2403.8600109999998,2403.8600109999998,2403.8600109999998,23.48,23.48,23.48,8277.802580900001,8277.802580900001,8277.802580900001,17811,17811.0,17811.0
security-overhead-final-factorial-tls-b3-rf3-isr3-msg10240-tps10000-batch131072-acksall-prod6-complz4-trial1,1,3662.949052,3662.949052,3662.949052,35.76,35.76,35.76,2803.6717911,2803.6717911,2803.6717911,8729,8729.0,8729.0
security-overhead-final-factorial-tls-b3-rf3-isr3-msg10240-tps10000-batch131072-acksall-prod6-complz4-trial2,1,3555.96562,3555.96562,3555.96562,34.730000000000004,34.730000000000004,34.730000000000004,2573.8873861,2573.8873861,2573.8873861,8854,8854.0,8854.0
security-overhead-final-factorial-tls-b3-rf3-isr3-msg10240-tps10000-batch131072-acksall-prod6-complz4-trial3,1,3572.9627339999997,3572.9627339999997,3572.9627339999997,34.89,34.89,34.89,2688.9617184000003,2688.9617184000003,2688.9617184000003,8904,8904.0,8904.0
security-overhead-final-factorial-tls-b3-rf3-isr3-msg10240-tps10000-batch131072-acksall-prod6-compnone-trial1,1,3803.967275,3803.967275,3803.967275,37.14,37.14,37.14,3152.9230786000003,3152.9230786000003,3152.9230786000003,9074,9074.0,9074.0
security-overhead-final-factorial-tls-b3-rf3-isr3-msg10240-tps10000-batch131072-acksall-prod6-compnone-trial2,1,3789.462284,3789.462284,3789.462284,37.01,37.01,37.01,3148.6947989,3148.6947989,3148.6947989,8492,8492.0,8492.0
security-overhead-final-factorial-tls-b3-rf3-isr3-msg10240-tps10000-batch131072-acksall-prod6-compnone-trial3,1,3959.070116,3959.070116,3959.070116,38.67,38.67,38.67,2919.9567917,2919.9567917,2919.9567917,8859,8859.0,8859.0
security-overhead-final-factorial-tls-b3-rf3-isr3-msg10240-tps10000-batch16384-acks1-prod1-complz4-trial1,1,5230.399079,5230.399079,5230.399079,51.08,51.08,51.08,256.65,256.65,256.65,1162,1162.0,1162.0
security-overhead-final-factorial-tls-b3-rf3-isr3-msg10240-tps10000-batch16384-acks1-prod1-complz4-trial2,1,5262.327001,5262.327001,5262.327001,51.39,51.39,51.39,245,245.0,245.0,1082,1082.0,1082.0
security-overhead-final-factorial-tls-b3-rf3-isr3-msg10240-tps10000-batch16384-acks1-prod1-complz4-trial3,1,5342.451117,5342.451117,5342.451117,52.17,52.17,52.17,252.25,252.25,252.25,1102,1102.0,1102.0
security-overhead-final-factorial-tls-b3-rf3-isr3-msg10240-tps10000-batch16384-acks1-prod1-compnone-trial1,1,6236.357967,6236.357967,6236.357967,60.9,60.9,60.9,295.57,295.57,295.57,1253,1253.0,1253.0
security-overhead-final-factorial-tls-b3-rf3-isr3-msg10240-tps10000-batch16384-acks1-prod1-compnone-trial2,1,6067.224851,6067.224851,6067.224851,59.25,59.25,59.25,306.56,306.56,306.56,1265,1265.0,1265.0
security-overhead-final-factorial-tls-b3-rf3-isr3-msg10240-tps10000-batch16384-acks1-prod1-compnone-trial3,1,6257.039169,6257.039169,6257.039169,61.1,61.1,61.1,293.3,293.3,293.3,1191,1191.0,1191.0
security-overhead-final-factorial-tls-b3-rf3-isr3-msg10240-tps10000-batch16384-acks1-prod12-complz4-trial1,1,1670.237294,1670.237294,1670.237294,16.310000000000002,16.310000000000002,16.310000000000002,9603.1549842,9603.1549842,9603.1549842,18180,18180.0,18180.0
security-overhead-final-factorial-tls-b3-rf3-isr3-msg10240-tps10000-batch16384-acks1-prod12-complz4-trial2,1,1661.888666,1661.888666,1661.888666,16.240000000000002,16.240000000000002,16.240000000000002,9626.5093542,9626.5093542,9626.5093542,17786,17786.0,17786.0
security-overhead-final-factorial-tls-b3-rf3-isr3-msg10240-tps10000-batch16384-acks1-prod12-complz4-trial3,1,1670.917984,1670.917984,1670.917984,16.310000000000002,16.310000000000002,16.310000000000002,9630.625949700001,9630.625949700001,9630.625949700001,17491,17491.0,17491.0
security-overhead-final-factorial-tls-b3-rf3-isr3-msg10240-tps10000-batch16384-acks1-prod12-compnone-trial1,1,1894.691802,1894.691802,1894.691802,18.51,18.51,18.51,8574.6744532,8574.6744532,8574.6744532,18131,18131.0,18131.0
security-overhead-final-factorial-tls-b3-rf3-isr3-msg10240-tps10000-batch16384-acks1-prod12-compnone-trial2,1,1898.694771,1898.694771,1898.694771,18.560000000000002,18.560000000000002,18.560000000000002,8523.049807000001,8523.049807000001,8523.049807000001,18633,18633.0,18633.0
security-overhead-final-factorial-tls-b3-rf3-isr3-msg10240-tps10000-batch16384-acks1-prod12-compnone-trial3,1,1900.940725,1900.940725,1900.940725,18.560000000000002,18.560000000000002,18.560000000000002,8555.1590249,8555.1590249,8555.1590249,18856,18856.0,18856.0
security-overhead-final-factorial-tls-b3-rf3-isr3-msg10240-tps10000-batch16384-acks1-prod6-complz4-trial1,1,2388.948575,2388.948575,2388.948575,23.32,23.32,23.32,3926.5143413,3926.5143413,3926.5143413,8657,8657.0,8657.0
security-overhead-final-factorial-tls-b3-rf3-isr3-msg10240-tps10000-batch16384-acks1-prod6-complz4-trial2,1,2382.820408,2382.820408,2382.820408,23.26,23.26,23.26,3917.0409414,3917.0409414,3917.0409414,8581,8581.0,8581.0
security-overhead-final-factorial-tls-b3-rf3-isr3-msg10240-tps10000-batch16384-acks1-prod6-complz4-trial3,1,2160.218153,2160.218153,2160.218153,21.09,21.09,21.09,4394.2282932,4394.2282932,4394.2282932,9644,9644.0,9644.0
security-overhead-final-factorial-tls-b3-rf3-isr3-msg10240-tps10000-batch16384-acks1-prod6-compnone-trial1,1,2814.0189570000002,2814.0189570000002,2814.0189570000002,27.48,27.48,27.48,3312.3177102,3312.3177102,3312.3177102,8511,8511.0,8511.0
security-overhead-final-factorial-tls-b3-rf3-isr3-msg10240-tps10000-batch16384-acks1-prod6-compnone-trial2,1,2773.74152,2773.74152,2773.74152,27.09,27.09,27.09,3378.4704570999997,3378.4704570999997,3378.4704570999997,8403,8403.0,8403.0
security-overhead-final-factorial-tls-b3-rf3-isr3-msg10240-tps10000-batch16384-acks1-prod6-compnone-trial3,1,2768.276685,2768.276685,2768.276685,27.03,27.03,27.03,3368.0560062,3368.0560062,3368.0560062,8685,8685.0,8685.0
security-overhead-final-factorial-tls-b3-rf3-isr3-msg10240-tps10000-batch16384-acksall-prod1-complz4-trial1,1,3570.026061,3570.026061,3570.026061,34.86,34.86,34.86,538.32,538.32,538.32,1221,1221.0,1221.0
security-overhead-final-factorial-tls-b3-rf3-isr3-msg10240-tps10000-batch16384-acksall-prod1-complz4-trial2,1,3451.965895,3451.965895,3451.965895,33.71,33.71,33.71,557.96,557.96,557.96,1275,1275.0,1275.0
security-overhead-final-factorial-tls-b3-rf3-isr3-msg10240-tps10000-batch16384-acksall-prod1-complz4-trial3,1,3518.896474,3518.896474,3518.896474,34.36,34.36,34.36,545.73,545.73,545.73,1267,1267.0,1267.0
security-overhead-final-factorial-tls-b3-rf3-isr3-msg10240-tps10000-batch16384-acksall-prod1-compnone-trial1,1,3186.540055,3186.540055,3186.540055,31.12,31.12,31.12,611.18,611.18,611.18,1248,1248.0,1248.0
security-overhead-final-factorial-tls-b3-rf3-isr3-msg10240-tps10000-batch16384-acksall-prod1-compnone-trial2,1,3440.919414,3440.919414,3440.919414,33.6,33.6,33.6,562.53,562.53,562.53,1236,1236.0,1236.0
security-overhead-final-factorial-tls-b3-rf3-isr3-msg10240-tps10000-batch16384-acksall-prod1-compnone-trial3,1,3508.77193,3508.77193,3508.77193,34.27,34.27,34.27,553.31,553.31,553.31,1252,1252.0,1252.0
security-overhead-final-factorial-tls-b3-rf3-isr3-msg10240-tps10000-batch16384-acksall-prod12-complz4-trial1,1,1569.485607,1569.485607,1569.485607,15.32,15.32,15.32,10282.3457695,10282.3457695,10282.3457695,19266,19266.0,19266.0
security-overhead-final-factorial-tls-b3-rf3-isr3-msg10240-tps10000-batch16384-acksall-prod12-complz4-trial2,1,1453.244623,1453.244623,1453.244623,14.18,14.18,14.18,11238.5836373,11238.5836373,11238.5836373,21110,21110.0,21110.0
security-overhead-final-factorial-tls-b3-rf3-isr3-msg10240-tps10000-batch16384-acksall-prod12-complz4-trial3,1,1568.793629,1568.793629,1568.793629,15.31,15.31,15.31,10344.748266800001,10344.748266800001,10344.748266800001,19044,19044.0,19044.0
security-overhead-final-factorial-tls-b3-rf3-isr3-msg10240-tps10000-batch16384-acksall-prod12-compnone-trial1,1,1802.356595,1802.356595,1802.356595,17.6,17.6,17.6,9007.0349397,9007.0349397,9007.0349397,19219,19219.0,19219.0
security-overhead-final-factorial-tls-b3-rf3-isr3-msg10240-tps10000-batch16384-acksall-prod12-compnone-trial2,1,1769.448418,1769.448418,1769.448418,17.28,17.28,17.28,9154.5605958,9154.5605958,9154.5605958,18880,18880.0,18880.0
security-overhead-final-factorial-tls-b3-rf3-isr3-msg10240-tps10000-batch16384-acksall-prod12-compnone-trial3,1,1801.721572,1801.721572,1801.721572,17.59,17.59,17.59,9011.8696676,9011.8696676,9011.8696676,20245,20245.0,20245.0
security-overhead-final-factorial-tls-b3-rf3-isr3-msg10240-tps10000-batch16384-acksall-prod6-complz4-trial1,1,2220.320753,2220.320753,2220.320753,21.67,21.67,21.67,4239.053744700001,4239.053744700001,4239.053744700001,9091,9091.0,9091.0
security-overhead-final-factorial-tls-b3-rf3-isr3-msg10240-tps10000-batch16384-acksall-prod6-complz4-trial2,1,2242.057664,2242.057664,2242.057664,21.9,21.9,21.9,4170.806347899999,4170.806347899999,4170.806347899999,8957,8957.0,8957.0
security-overhead-final-factorial-tls-b3-rf3-isr3-msg10240-tps10000-batch16384-acksall-prod6-complz4-trial3,1,2271.858444,2271.858444,2271.858444,22.18,22.18,22.18,4111.941855800001,4111.941855800001,4111.941855800001,9273,9273.0,9273.0
security-overhead-final-factorial-tls-b3-rf3-isr3-msg10240-tps10000-batch16384-acksall-prod6-compnone-trial1,1,2613.202158,2613.202158,2613.202158,25.52,25.52,25.52,3562.3076589999996,3562.3076589999996,3562.3076589999996,9192,9192.0,9192.0
security-overhead-final-factorial-tls-b3-rf3-isr3-msg10240-tps10000-batch16384-acksall-prod6-compnone-trial2,1,2653.884305,2653.884305,2653.884305,25.91,25.91,25.91,3541.8226345999997,3541.8226345999997,3541.8226345999997,9518,9518.0,9518.0
security-overhead-final-factorial-tls-b3-rf3-isr3-msg10240-tps10000-batch16384-acksall-prod6-compnone-trial3,1,2593.618125,2593.618125,2593.618125,25.33,25.33,25.33,3617.5000020999996,3617.5000020999996,3617.5000020999996,10535,10535.0,10535.0
security-overhead-final-factorial-tls-b3-rf3-isr3-msg102400-tps1000-batch131072-acks1-prod1-complz4-trial1,1,999.740068,999.740068,999.740068,97.63,97.63,97.63,9.97,9.97,9.97,1232,1232.0,1232.0
security-overhead-final-factorial-tls-b3-rf3-isr3-msg102400-tps1000-batch131072-acks1-prod1-complz4-trial2,1,999.650122,999.650122,999.650122,97.62,97.62,97.62,12.72,12.72,12.72,1210,1210.0,1210.0
security-overhead-final-factorial-tls-b3-rf3-isr3-msg102400-tps1000-batch131072-acks1-prod1-complz4-trial3,1,999.670109,999.670109,999.670109,97.62,97.62,97.62,12.91,12.91,12.91,1156,1156.0,1156.0
security-overhead-final-factorial-tls-b3-rf3-isr3-msg102400-tps1000-batch131072-acks1-prod1-compnone-trial1,1,999.720078,999.720078,999.720078,97.63,97.63,97.63,10.73,10.73,10.73,1220,1220.0,1220.0
security-overhead-final-factorial-tls-b3-rf3-isr3-msg102400-tps1000-batch131072-acks1-prod1-compnone-trial2,1,999.680102,999.680102,999.680102,97.63,97.63,97.63,12.2,12.2,12.2,1132,1132.0,1132.0
security-overhead-final-factorial-tls-b3-rf3-isr3-msg102400-tps1000-batch131072-acks1-prod1-compnone-trial3,1,999.70009,999.70009,999.70009,97.63,97.63,97.63,11.48,11.48,11.48,1097,1097.0,1097.0
security-overhead-final-factorial-tls-b3-rf3-isr3-msg102400-tps1000-batch131072-acks1-prod12-complz4-trial1,1,636.0490139999999,636.0490139999999,636.0490139999999,62.11,62.11,62.11,907.7153635000001,907.7153635000001,907.7153635000001,16763,16763.0,16763.0
security-overhead-final-factorial-tls-b3-rf3-isr3-msg102400-tps1000-batch131072-acks1-prod12-complz4-trial2,1,634.539368,634.539368,634.539368,61.980000000000004,61.980000000000004,61.980000000000004,923.7240642,923.7240642,923.7240642,17434,17434.0,17434.0
security-overhead-final-factorial-tls-b3-rf3-isr3-msg102400-tps1000-batch131072-acks1-prod12-complz4-trial3,1,635.2527259999999,635.2527259999999,635.2527259999999,62.03,62.03,62.03,917.0922988,917.0922988,917.0922988,16559,16559.0,16559.0
security-overhead-final-factorial-tls-b3-rf3-isr3-msg102400-tps1000-batch131072-acks1-prod12-compnone-trial1,1,756.248048,756.248048,756.248048,73.86,73.86,73.86,1083.6802811,1083.6802811,1083.6802811,16262,16262.0,16262.0
security-overhead-final-factorial-tls-b3-rf3-isr3-msg102400-tps1000-batch131072-acks1-prod12-compnone-trial2,1,756.848645,756.848645,756.848645,73.92,73.92,73.92,1092.1646593,1092.1646593,1092.1646593,16421,16421.0,16421.0
security-overhead-final-factorial-tls-b3-rf3-isr3-msg102400-tps1000-batch131072-acks1-prod12-compnone-trial3,1,762.002838,762.002838,762.002838,74.4,74.4,74.4,1072.6947436,1072.6947436,1072.6947436,16380,16380.0,16380.0
security-overhead-final-factorial-tls-b3-rf3-isr3-msg102400-tps1000-batch131072-acks1-prod6-complz4-trial1,1,751.784679,751.784679,751.784679,73.41,73.41,73.41,223.86346409999996,223.86346409999996,223.86346409999996,7937,7937.0,7937.0
security-overhead-final-factorial-tls-b3-rf3-isr3-msg102400-tps1000-batch131072-acks1-prod6-complz4-trial2,1,752.317168,752.317168,752.317168,73.47,73.47,73.47,223.7364768,223.7364768,223.7364768,8204,8204.0,8204.0
security-overhead-final-factorial-tls-b3-rf3-isr3-msg102400-tps1000-batch131072-acks1-prod6-complz4-trial3,1,747.166782,747.166782,747.166782,72.97,72.97,72.97,224.36644280000002,224.36644280000002,224.36644280000002,8356,8356.0,8356.0
security-overhead-final-factorial-tls-b3-rf3-isr3-msg102400-tps1000-batch131072-acks1-prod6-compnone-trial1,1,875.668983,875.668983,875.668983,85.52,85.52,85.52,283.0900701,283.0900701,283.0900701,8082,8082.0,8082.0
security-overhead-final-factorial-tls-b3-rf3-isr3-msg102400-tps1000-batch131072-acks1-prod6-compnone-trial2,1,883.546253,883.546253,883.546253,86.28,86.28,86.28,266.3300476,266.3300476,266.3300476,8158,8158.0,8158.0
security-overhead-final-factorial-tls-b3-rf3-isr3-msg102400-tps1000-batch131072-acks1-prod6-compnone-trial3,1,887.727763,887.727763,887.727763,86.69,86.69,86.69,277.2936902,277.2936902,277.2936902,8033,8033.0,8033.0
security-overhead-final-factorial-tls-b3-rf3-isr3-msg102400-tps1000-batch131072-acksall-prod1-complz4-trial1,1,999.570185,999.570185,999.570185,97.61,97.61,97.61,78.74,78.74,78.74,1286,1286.0,1286.0
security-overhead-final-factorial-tls-b3-rf3-isr3-msg102400-tps1000-batch131072-acksall-prod1-complz4-trial2,1,999.350422,999.350422,999.350422,97.59,97.59,97.59,119.13,119.13,119.13,1457,1457.0,1457.0
security-overhead-final-factorial-tls-b3-rf3-isr3-msg102400-tps1000-batch131072-acksall-prod1-complz4-trial3,1,999.550202,999.550202,999.550202,97.61,97.61,97.61,55.78,55.78,55.78,1342,1342.0,1342.0
security-overhead-final-factorial-tls-b3-rf3-isr3-msg102400-tps1000-batch131072-acksall-prod1-compnone-trial1,1,999.670109,999.670109,999.670109,97.62,97.62,97.62,42.83,42.83,42.83,1418,1418.0,1418.0
security-overhead-final-factorial-tls-b3-rf3-isr3-msg102400-tps1000-batch131072-acksall-prod1-compnone-trial2,1,999.080846,999.080846,999.080846,97.57,97.57,97.57,44.23,44.23,44.23,1287,1287.0,1287.0
security-overhead-final-factorial-tls-b3-rf3-isr3-msg102400-tps1000-batch131072-acksall-prod1-compnone-trial3,1,999.660116,999.660116,999.660116,97.62,97.62,97.62,47.08,47.08,47.08,1145,1145.0,1145.0
security-overhead-final-factorial-tls-b3-rf3-isr3-msg102400-tps1000-batch131072-acksall-prod12-complz4-trial1,1,629.316774,629.316774,629.316774,61.46,61.46,61.46,895.1394981,895.1394981,895.1394981,17119,17119.0,17119.0
security-overhead-final-factorial-tls-b3-rf3-isr3-msg102400-tps1000-batch131072-acksall-prod12-complz4-trial2,1,625.515031,625.515031,625.515031,61.09,61.09,61.09,978.1520487,978.1520487,978.1520487,17002,17002.0,17002.0
security-overhead-final-factorial-tls-b3-rf3-isr3-msg102400-tps1000-batch131072-acksall-prod12-complz4-trial3,1,631.985181,631.985181,631.985181,61.71,61.71,61.71,847.0658902,847.0658902,847.0658902,17434,17434.0,17434.0
security-overhead-final-factorial-tls-b3-rf3-isr3-msg102400-tps1000-batch131072-acksall-prod12-compnone-trial1,1,749.635148,749.635148,749.635148,73.21000000000001,73.21000000000001,73.21000000000001,1137.3467325,1137.3467325,1137.3467325,17000,17000.0,17000.0
security-overhead-final-factorial-tls-b3-rf3-isr3-msg102400-tps1000-batch131072-acksall-prod12-compnone-trial2,1,754.458213,754.458213,754.458213,73.67,73.67,73.67,1178.5315275,1178.5315275,1178.5315275,17056,17056.0,17056.0
security-overhead-final-factorial-tls-b3-rf3-isr3-msg102400-tps1000-batch131072-acksall-prod12-compnone-trial3,1,755.859938,755.859938,755.859938,73.83,73.83,73.83,1149.839528,1149.839528,1149.839528,17070,17070.0,17070.0
security-overhead-final-factorial-tls-b3-rf3-isr3-msg102400-tps1000-batch131072-acksall-prod6-complz4-trial1,1,737.077238,737.077238,737.077238,71.99,71.99,71.99,294.27835550000003,294.27835550000003,294.27835550000003,8568,8568.0,8568.0
security-overhead-final-factorial-tls-b3-rf3-isr3-msg102400-tps1000-batch131072-acksall-prod6-complz4-trial2,1,739.221654,739.221654,739.221654,72.2,72.2,72.2,260.0273595,260.0273595,260.0273595,8658,8658.0,8658.0
security-overhead-final-factorial-tls-b3-rf3-isr3-msg102400-tps1000-batch131072-acksall-prod6-complz4-trial3,1,743.306068,743.306068,743.306068,72.58,72.58,72.58,258.11903700000005,258.11903700000005,258.11903700000005,8760,8760.0,8760.0
security-overhead-final-factorial-tls-b3-rf3-isr3-msg102400-tps1000-batch131072-acksall-prod6-compnone-trial1,1,870.293545,870.293545,870.293545,85,85.0,85.0,338.5166668,338.5166668,338.5166668,8305,8305.0,8305.0
security-overhead-final-factorial-tls-b3-rf3-isr3-msg102400-tps1000-batch131072-acksall-prod6-compnone-trial2,1,878.832768,878.832768,878.832768,85.83,85.83,85.83,341.6899964,341.6899964,341.6899964,8584,8584.0,8584.0
security-overhead-final-factorial-tls-b3-rf3-isr3-msg102400-tps1000-batch131072-acksall-prod6-compnone-trial3,1,884.538622,884.538622,884.538622,86.38,86.38,86.38,303.5891007,303.5891007,303.5891007,8052,8052.0,8052.0
security-overhead-final-factorial-tls-b3-rf3-isr3-msg102400-tps1000-batch16384-acks1-prod1-complz4-trial1,1,999.710084,999.710084,999.710084,97.63,97.63,97.63,12.75,12.75,12.75,1255,1255.0,1255.0
security-overhead-final-factorial-tls-b3-rf3-isr3-msg102400-tps1000-batch16384-acks1-prod1-complz4-trial2,1,999.290504,999.290504,999.290504,97.59,97.59,97.59,13.48,13.48,13.48,1134,1134.0,1134.0
security-overhead-final-factorial-tls-b3-rf3-isr3-msg102400-tps1000-batch16384-acks1-prod1-complz4-trial3,1,999.720078,999.720078,999.720078,97.63,97.63,97.63,10.03,10.03,10.03,1147,1147.0,1147.0
security-overhead-final-factorial-tls-b3-rf3-isr3-msg102400-tps1000-batch16384-acks1-prod1-compnone-trial1,1,999.650122,999.650122,999.650122,97.62,97.62,97.62,16.21,16.21,16.21,1193,1193.0,1193.0
security-overhead-final-factorial-tls-b3-rf3-isr3-msg102400-tps1000-batch16384-acks1-prod1-compnone-trial2,1,999.730073,999.730073,999.730073,97.63,97.63,97.63,14.66,14.66,14.66,1152,1152.0,1152.0
security-overhead-final-factorial-tls-b3-rf3-isr3-msg102400-tps1000-batch16384-acks1-prod1-compnone-trial3,1,999.760058,999.760058,999.760058,97.63,97.63,97.63,18.07,18.07,18.07,1103,1103.0,1103.0
security-overhead-final-factorial-tls-b3-rf3-isr3-msg102400-tps1000-batch16384-acks1-prod12-complz4-trial1,1,641.069925,641.069925,641.069925,62.62,62.62,62.62,1181.3701622,1181.3701622,1181.3701622,16301,16301.0,16301.0
security-overhead-final-factorial-tls-b3-rf3-isr3-msg102400-tps1000-batch16384-acks1-prod12-complz4-trial2,1,637.228957,637.228957,637.228957,62.230000000000004,62.230000000000004,62.230000000000004,1206.891767,1206.891767,1206.891767,16037,16037.0,16037.0
security-overhead-final-factorial-tls-b3-rf3-isr3-msg102400-tps1000-batch16384-acks1-prod12-complz4-trial3,1,636.452824,636.452824,636.452824,62.160000000000004,62.160000000000004,62.160000000000004,1247.1049195,1247.1049195,1247.1049195,16453,16453.0,16453.0
security-overhead-final-factorial-tls-b3-rf3-isr3-msg102400-tps1000-batch16384-acks1-prod12-compnone-trial1,1,757.674075,757.674075,757.674075,73.99,73.99,73.99,1419.0716752,1419.0716752,1419.0716752,16004,16004.0,16004.0
security-overhead-final-factorial-tls-b3-rf3-isr3-msg102400-tps1000-batch16384-acks1-prod12-compnone-trial2,1,751.175599,751.175599,751.175599,73.37,73.37,73.37,1415.2256880000002,1415.2256880000002,1415.2256880000002,16489,16489.0,16489.0
security-overhead-final-factorial-tls-b3-rf3-isr3-msg102400-tps1000-batch16384-acks1-prod12-compnone-trial3,1,749.815659,749.815659,749.815659,73.22,73.22,73.22,1416.3618123,1416.3618123,1416.3618123,15797,15797.0,15797.0
security-overhead-final-factorial-tls-b3-rf3-isr3-msg102400-tps1000-batch16384-acks1-prod6-complz4-trial1,1,751.142576,751.142576,751.142576,73.36,73.36,73.36,334.24155979999995,334.24155979999995,334.24155979999995,8343,8343.0,8343.0
security-overhead-final-factorial-tls-b3-rf3-isr3-msg102400-tps1000-batch16384-acks1-prod6-complz4-trial2,1,765.525289,765.525289,765.525289,74.76,74.76,74.76,291.8092773,291.8092773,291.8092773,8070,8070.0,8070.0
security-overhead-final-factorial-tls-b3-rf3-isr3-msg102400-tps1000-batch16384-acks1-prod6-complz4-trial3,1,770.181427,770.181427,770.181427,75.22,75.22,75.22,299.6095231,299.6095231,299.6095231,7990,7990.0,7990.0
security-overhead-final-factorial-tls-b3-rf3-isr3-msg102400-tps1000-batch16384-acks1-prod6-compnone-trial1,1,889.926076,889.926076,889.926076,86.9,86.9,86.9,340.4397625,340.4397625,340.4397625,7941,7941.0,7941.0
security-overhead-final-factorial-tls-b3-rf3-isr3-msg102400-tps1000-batch16384-acks1-prod6-compnone-trial2,1,897.216186,897.216186,897.216186,87.62,87.62,87.62,334.73895350000004,334.73895350000004,334.73895350000004,8102,8102.0,8102.0
security-overhead-final-factorial-tls-b3-rf3-isr3-msg102400-tps1000-batch16384-acks1-prod6-compnone-trial3,1,874.569236,874.569236,874.569236,85.41,85.41,85.41,370.8816301,370.8816301,370.8816301,8121,8121.0,8121.0
security-overhead-final-factorial-tls-b3-rf3-isr3-msg102400-tps1000-batch16384-acksall-prod1-complz4-trial1,1,999.52023,999.52023,999.52023,97.61,97.61,97.61,34.01,34.01,34.01,1154,1154.0,1154.0
security-overhead-final-factorial-tls-b3-rf3-isr3-msg102400-tps1000-batch16384-acksall-prod1-complz4-trial2,1,998.233127,998.233127,998.233127,97.48,97.48,97.48,56.66,56.66,56.66,1277,1277.0,1277.0
security-overhead-final-factorial-tls-b3-rf3-isr3-msg102400-tps1000-batch16384-acksall-prod1-complz4-trial3,1,999.710084,999.710084,999.710084,97.63,97.63,97.63,42.62,42.62,42.62,1263,1263.0,1263.0
security-overhead-final-factorial-tls-b3-rf3-isr3-msg102400-tps1000-batch16384-acksall-prod1-compnone-trial1,1,999.650122,999.650122,999.650122,97.62,97.62,97.62,40.12,40.12,40.12,1162,1162.0,1162.0
security-overhead-final-factorial-tls-b3-rf3-isr3-msg102400-tps1000-batch16384-acksall-prod1-compnone-trial2,1,999.64013,999.64013,999.64013,97.62,97.62,97.62,47.33,47.33,47.33,1969,1969.0,1969.0
security-overhead-final-factorial-tls-b3-rf3-isr3-msg102400-tps1000-batch16384-acksall-prod1-compnone-trial3,1,999.60016,999.60016,999.60016,97.62,97.62,97.62,52.51,52.51,52.51,1260,1260.0,1260.0
security-overhead-final-factorial-tls-b3-rf3-isr3-msg102400-tps1000-batch16384-acksall-prod12-complz4-trial1,1,628.913873,628.913873,628.913873,61.4,61.4,61.4,1244.9928172,1244.9928172,1244.9928172,17514,17514.0,17514.0
security-overhead-final-factorial-tls-b3-rf3-isr3-msg102400-tps1000-batch16384-acksall-prod12-complz4-trial2,1,623.341049,623.341049,623.341049,60.88,60.88,60.88,1287.5103349,1287.5103349,1287.5103349,17748,17748.0,17748.0
security-overhead-final-factorial-tls-b3-rf3-isr3-msg102400-tps1000-batch16384-acksall-prod12-complz4-trial3,1,628.584915,628.584915,628.584915,61.39,61.39,61.39,1237.7449071,1237.7449071,1237.7449071,17264,17264.0,17264.0
security-overhead-final-factorial-tls-b3-rf3-isr3-msg102400-tps1000-batch16384-acksall-prod12-compnone-trial1,1,748.090261,748.090261,748.090261,73.03999999999999,73.03999999999999,73.03999999999999,1452.7761113999998,1452.7761113999998,1452.7761113999998,17059,17059.0,17059.0
security-overhead-final-factorial-tls-b3-rf3-isr3-msg102400-tps1000-batch16384-acksall-prod12-compnone-trial2,1,746.161937,746.161937,746.161937,72.87,72.87,72.87,1553.0025644,1553.0025644,1553.0025644,16916,16916.0,16916.0
security-overhead-final-factorial-tls-b3-rf3-isr3-msg102400-tps1000-batch16384-acksall-prod12-compnone-trial3,1,740.512185,740.512185,740.512185,72.28999999999999,72.28999999999999,72.28999999999999,1519.1826342000002,1519.1826342000002,1519.1826342000002,17219,17219.0,17219.0
security-overhead-final-factorial-tls-b3-rf3-isr3-msg102400-tps1000-batch16384-acksall-prod6-complz4-trial1,1,738.611956,738.611956,738.611956,72.12,72.12,72.12,368.34815810000003,368.34815810000003,368.34815810000003,8691,8691.0,8691.0
security-overhead-final-factorial-tls-b3-rf3-isr3-msg102400-tps1000-batch16384-acksall-prod6-complz4-trial2,1,747.0995760000001,747.0995760000001,747.0995760000001,72.96,72.96,72.96,316.9561097,316.9561097,316.9561097,8697,8697.0,8697.0
security-overhead-final-factorial-tls-b3-rf3-isr3-msg102400-tps1000-batch16384-acksall-prod6-complz4-trial3,1,738.427324,738.427324,738.427324,72.11,72.11,72.11,378.2252654,378.2252654,378.2252654,8398,8398.0,8398.0
security-overhead-final-factorial-tls-b3-rf3-isr3-msg102400-tps1000-batch16384-acksall-prod6-compnone-trial1,1,848.9941630000001,848.9941630000001,848.9941630000001,82.91,82.91,82.91,464.70692479999997,464.70692479999997,464.70692479999997,9014,9014.0,9014.0
security-overhead-final-factorial-tls-b3-rf3-isr3-msg102400-tps1000-batch16384-acksall-prod6-compnone-trial2,1,855.707606,855.707606,855.707606,83.57,83.57,83.57,462.4916352,462.4916352,462.4916352,9276,9276.0,9276.0
security-overhead-final-factorial-tls-b3-rf3-isr3-msg102400-tps1000-batch16384-acksall-prod6-compnone-trial3,1,862.082353,862.082353,862.082353,84.17999999999999,84.17999999999999,84.17999999999999,444.9380167,444.9380167,444.9380167,8363,8363.0,8363.0
security-overhead-final-factorial-tls-b3-rf3-isr3-msg102400-tps10000-batch131072-acks1-prod1-complz4-trial1,1,1250.766094,1250.766094,1250.766094,122.15,122.15,122.15,22.67,22.67,22.67,1236,1236.0,1236.0
security-overhead-final-factorial-tls-b3-rf3-isr3-msg102400-tps10000-batch131072-acks1-prod1-complz4-trial2,1,1237.822917,1237.822917,1237.822917,120.88,120.88,120.88,23.95,23.95,23.95,1711,1711.0,1711.0
security-overhead-final-factorial-tls-b3-rf3-isr3-msg102400-tps10000-batch131072-acks1-prod1-complz4-trial3,1,1217.270636,1217.270636,1217.270636,118.87,118.87,118.87,20.12,20.12,20.12,1167,1167.0,1167.0
security-overhead-final-factorial-tls-b3-rf3-isr3-msg102400-tps10000-batch131072-acks1-prod1-compnone-trial1,1,1593.447743,1593.447743,1593.447743,155.61,155.61,155.61,15.5,15.5,15.5,1168,1168.0,1168.0
security-overhead-final-factorial-tls-b3-rf3-isr3-msg102400-tps10000-batch131072-acks1-prod1-compnone-trial2,1,1625.091411,1625.091411,1625.091411,158.7,158.7,158.7,18.49,18.49,18.49,1178,1178.0,1178.0
security-overhead-final-factorial-tls-b3-rf3-isr3-msg102400-tps10000-batch131072-acks1-prod1-compnone-trial3,1,1577.13781,1577.13781,1577.13781,154.02,154.02,154.02,18.75,18.75,18.75,1187,1187.0,1187.0
security-overhead-final-factorial-tls-b3-rf3-isr3-msg102400-tps10000-batch131072-acks1-prod12-complz4-trial1,1,637.287637,637.287637,637.287637,62.24,62.24,62.24,939.1969581999999,939.1969581999999,939.1969581999999,16850,16850.0,16850.0
security-overhead-final-factorial-tls-b3-rf3-isr3-msg102400-tps10000-batch131072-acks1-prod12-complz4-trial2,1,634.742807,634.742807,634.742807,61.99,61.99,61.99,877.7586019,877.7586019,877.7586019,16553,16553.0,16553.0
security-overhead-final-factorial-tls-b3-rf3-isr3-msg102400-tps10000-batch131072-acks1-prod12-complz4-trial3,1,637.847852,637.847852,637.847852,62.28,62.28,62.28,869.1029415,869.1029415,869.1029415,16638,16638.0,16638.0
security-overhead-final-factorial-tls-b3-rf3-isr3-msg102400-tps10000-batch131072-acks1-prod12-compnone-trial1,1,764.538302,764.538302,764.538302,74.66,74.66,74.66,1039.9111969,1039.9111969,1039.9111969,16644,16644.0,16644.0
security-overhead-final-factorial-tls-b3-rf3-isr3-msg102400-tps10000-batch131072-acks1-prod12-compnone-trial2,1,757.7021520000001,757.7021520000001,757.7021520000001,74,74.0,74.0,1065.8033303,1065.8033303,1065.8033303,16118,16118.0,16118.0
security-overhead-final-factorial-tls-b3-rf3-isr3-msg102400-tps10000-batch131072-acks1-prod12-compnone-trial3,1,756.631646,756.631646,756.631646,73.89,73.89,73.89,1039.434307,1039.434307,1039.434307,16099,16099.0,16099.0
security-overhead-final-factorial-tls-b3-rf3-isr3-msg102400-tps10000-batch131072-acks1-prod6-complz4-trial1,1,748.03455,748.03455,748.03455,73.05,73.05,73.05,210.25332410000001,210.25332410000001,210.25332410000001,8211,8211.0,8211.0
security-overhead-final-factorial-tls-b3-rf3-isr3-msg102400-tps10000-batch131072-acks1-prod6-complz4-trial2,1,754.9208189999999,754.9208189999999,754.9208189999999,73.73,73.73,73.73,247.0144544,247.0144544,247.0144544,7914,7914.0,7914.0
security-overhead-final-factorial-tls-b3-rf3-isr3-msg102400-tps10000-batch131072-acks1-prod6-complz4-trial3,1,758.478476,758.478476,758.478476,74.06,74.06,74.06,259.17283560000004,259.17283560000004,259.17283560000004,8399,8399.0,8399.0
security-overhead-final-factorial-tls-b3-rf3-isr3-msg102400-tps10000-batch131072-acks1-prod6-compnone-trial1,1,886.723034,886.723034,886.723034,86.6,86.6,86.6,271.9971968,271.9971968,271.9971968,7953,7953.0,7953.0
security-overhead-final-factorial-tls-b3-rf3-isr3-msg102400-tps10000-batch131072-acks1-prod6-compnone-trial2,1,891.82773,891.82773,891.82773,87.1,87.1,87.1,247.5483962,247.5483962,247.5483962,8063,8063.0,8063.0
security-overhead-final-factorial-tls-b3-rf3-isr3-msg102400-tps10000-batch131072-acks1-prod6-compnone-trial3,1,884.2986089999999,884.2986089999999,884.2986089999999,86.36,86.36,86.36,299.3966646,299.3966646,299.3966646,8441,8441.0,8441.0
security-overhead-final-factorial-tls-b3-rf3-isr3-msg102400-tps10000-batch131072-acksall-prod1-complz4-trial1,1,1137.126028,1137.126028,1137.126028,111.05,111.05,111.05,167.04,167.04,167.04,1297,1297.0,1297.0
security-overhead-final-factorial-tls-b3-rf3-isr3-msg102400-tps10000-batch131072-acksall-prod1-complz4-trial2,1,1150.403792,1150.403792,1150.403792,112.34,112.34,112.34,177.24,177.24,177.24,1214,1214.0,1214.0
security-overhead-final-factorial-tls-b3-rf3-isr3-msg102400-tps10000-batch131072-acksall-prod1-complz4-trial3,1,1153.721907,1153.721907,1153.721907,112.67,112.67,112.67,163.72,163.72,163.72,1259,1259.0,1259.0
security-overhead-final-factorial-tls-b3-rf3-isr3-msg102400-tps10000-batch131072-acksall-prod1-compnone-trial1,1,1199.198935,1199.198935,1199.198935,117.11,117.11,117.11,188.57,188.57,188.57,1158,1158.0,1158.0
security-overhead-final-factorial-tls-b3-rf3-isr3-msg102400-tps10000-batch131072-acksall-prod1-compnone-trial2,1,1188.001188,1188.001188,1188.001188,116.02,116.02,116.02,192.06,192.06,192.06,1826,1826.0,1826.0
security-overhead-final-factorial-tls-b3-rf3-isr3-msg102400-tps10000-batch131072-acksall-prod1-compnone-trial3,1,1170.00117,1170.00117,1170.00117,114.26,114.26,114.26,184.01,184.01,184.01,1602,1602.0,1602.0
security-overhead-final-factorial-tls-b3-rf3-isr3-msg102400-tps10000-batch131072-acksall-prod12-complz4-trial1,1,628.1108839999999,628.1108839999999,628.1108839999999,61.33,61.33,61.33,975.1663598,975.1663598,975.1663598,16646,16646.0,16646.0
security-overhead-final-factorial-tls-b3-rf3-isr3-msg102400-tps10000-batch131072-acksall-prod12-complz4-trial2,1,628.6453309999999,628.6453309999999,628.6453309999999,61.379999999999995,61.379999999999995,61.379999999999995,1038.8875285000001,1038.8875285000001,1038.8875285000001,17521,17521.0,17521.0
security-overhead-final-factorial-tls-b3-rf3-isr3-msg102400-tps10000-batch131072-acksall-prod12-complz4-trial3,1,634.211849,634.211849,634.211849,61.94,61.94,61.94,887.6853792,887.6853792,887.6853792,17322,17322.0,17322.0
security-overhead-final-factorial-tls-b3-rf3-isr3-msg102400-tps10000-batch131072-acksall-prod12-compnone-trial1,1,758.612121,758.612121,758.612121,74.06,74.06,74.06,1190.6770328,1190.6770328,1190.6770328,17512,17512.0,17512.0
security-overhead-final-factorial-tls-b3-rf3-isr3-msg102400-tps10000-batch131072-acksall-prod12-compnone-trial2,1,759.451642,759.451642,759.451642,74.17,74.17,74.17,1186.7662731,1186.7662731,1186.7662731,17520,17520.0,17520.0
security-overhead-final-factorial-tls-b3-rf3-isr3-msg102400-tps10000-batch131072-acksall-prod12-compnone-trial3,1,756.88485,756.88485,756.88485,73.92,73.92,73.92,1209.2074588,1209.2074588,1209.2074588,16871,16871.0,16871.0
security-overhead-final-factorial-tls-b3-rf3-isr3-msg102400-tps10000-batch131072-acksall-prod6-complz4-trial1,1,747.099826,747.099826,747.099826,72.97,72.97,72.97,220.1863643,220.1863643,220.1863643,8288,8288.0,8288.0
security-overhead-final-factorial-tls-b3-rf3-isr3-msg102400-tps10000-batch131072-acksall-prod6-complz4-trial2,1,750.947643,750.947643,750.947643,73.34,73.34,73.34,295.82962679999997,295.82962679999997,295.82962679999997,8483,8483.0,8483.0
security-overhead-final-factorial-tls-b3-rf3-isr3-msg102400-tps10000-batch131072-acksall-prod6-complz4-trial3,1,737.373677,737.373677,737.373677,72,72.0,72.0,281.0949821,281.0949821,281.0949821,8356,8356.0,8356.0
security-overhead-final-factorial-tls-b3-rf3-isr3-msg102400-tps10000-batch131072-acksall-prod6-compnone-trial1,1,882.940657,882.940657,882.940657,86.22,86.22,86.22,337.96552710000003,337.96552710000003,337.96552710000003,8484,8484.0,8484.0
security-overhead-final-factorial-tls-b3-rf3-isr3-msg102400-tps10000-batch131072-acksall-prod6-compnone-trial2,1,876.260159,876.260159,876.260159,85.57,85.57,85.57,328.8600843,328.8600843,328.8600843,8309,8309.0,8309.0
security-overhead-final-factorial-tls-b3-rf3-isr3-msg102400-tps10000-batch131072-acksall-prod6-compnone-trial3,1,878.463923,878.463923,878.463923,85.8,85.8,85.8,312.2735622,312.2735622,312.2735622,8314,8314.0,8314.0
security-overhead-final-factorial-tls-b3-rf3-isr3-msg102400-tps10000-batch16384-acks1-prod1-complz4-trial1,1,1225.77561,1225.77561,1225.77561,119.7,119.7,119.7,28.67,28.67,28.67,2025,2025.0,2025.0
security-overhead-final-factorial-tls-b3-rf3-isr3-msg102400-tps10000-batch16384-acks1-prod1-complz4-trial2,1,1236.552492,1236.552492,1236.552492,120.76,120.76,120.76,23.63,23.63,23.63,1182,1182.0,1182.0
security-overhead-final-factorial-tls-b3-rf3-isr3-msg102400-tps10000-batch16384-acks1-prod1-complz4-trial3,1,1225.94091,1225.94091,1225.94091,119.72,119.72,119.72,23.41,23.41,23.41,1620,1620.0,1620.0
security-overhead-final-factorial-tls-b3-rf3-isr3-msg102400-tps10000-batch16384-acks1-prod1-compnone-trial1,1,1591.292448,1591.292448,1591.292448,155.4,155.4,155.4,18.11,18.11,18.11,1100,1100.0,1100.0
security-overhead-final-factorial-tls-b3-rf3-isr3-msg102400-tps10000-batch16384-acks1-prod1-compnone-trial2,1,1595.150742,1595.150742,1595.150742,155.78,155.78,155.78,16.28,16.28,16.28,1106,1106.0,1106.0
security-overhead-final-factorial-tls-b3-rf3-isr3-msg102400-tps10000-batch16384-acks1-prod1-compnone-trial3,1,1587.856077,1587.856077,1587.856077,155.06,155.06,155.06,19.07,19.07,19.07,1158,1158.0,1158.0
security-overhead-final-factorial-tls-b3-rf3-isr3-msg102400-tps10000-batch16384-acks1-prod12-complz4-trial1,1,633.235174,633.235174,633.235174,61.86,61.86,61.86,1195.5486467,1195.5486467,1195.5486467,16782,16782.0,16782.0
security-overhead-final-factorial-tls-b3-rf3-isr3-msg102400-tps10000-batch16384-acks1-prod12-complz4-trial2,1,637.167115,637.167115,637.167115,62.21,62.21,62.21,1284.8665342,1284.8665342,1284.8665342,16615,16615.0,16615.0
security-overhead-final-factorial-tls-b3-rf3-isr3-msg102400-tps10000-batch16384-acks1-prod12-complz4-trial3,1,632.499767,632.499767,632.499767,61.76,61.76,61.76,1313.9984429,1313.9984429,1313.9984429,16497,16497.0,16497.0
security-overhead-final-factorial-tls-b3-rf3-isr3-msg102400-tps10000-batch16384-acks1-prod12-compnone-trial1,1,746.127781,746.127781,746.127781,72.86,72.86,72.86,1410.2127897,1410.2127897,1410.2127897,16014,16014.0,16014.0
security-overhead-final-factorial-tls-b3-rf3-isr3-msg102400-tps10000-batch16384-acks1-prod12-compnone-trial2,1,745.994374,745.994374,745.994374,72.84,72.84,72.84,1426.7184275,1426.7184275,1426.7184275,16032,16032.0,16032.0
security-overhead-final-factorial-tls-b3-rf3-isr3-msg102400-tps10000-batch16384-acks1-prod12-compnone-trial3,1,745.602274,745.602274,745.602274,72.8,72.8,72.8,1420.4657117,1420.4657117,1420.4657117,16475,16475.0,16475.0
security-overhead-final-factorial-tls-b3-rf3-isr3-msg102400-tps10000-batch16384-acks1-prod6-complz4-trial1,1,756.880491,756.880491,756.880491,73.91,73.91,73.91,262.9013586,262.9013586,262.9013586,8216,8216.0,8216.0
security-overhead-final-factorial-tls-b3-rf3-isr3-msg102400-tps10000-batch16384-acks1-prod6-complz4-trial2,1,758.226881,758.226881,758.226881,74.05,74.05,74.05,313.165923,313.165923,313.165923,8147,8147.0,8147.0
security-overhead-final-factorial-tls-b3-rf3-isr3-msg102400-tps10000-batch16384-acks1-prod6-complz4-trial3,1,750.438477,750.438477,750.438477,73.28,73.28,73.28,340.5362325,340.5362325,340.5362325,8473,8473.0,8473.0
security-overhead-final-factorial-tls-b3-rf3-isr3-msg102400-tps10000-batch16384-acks1-prod6-compnone-trial1,1,883.240615,883.240615,883.240615,86.24,86.24,86.24,351.92176589999997,351.92176589999997,351.92176589999997,8063,8063.0,8063.0
security-overhead-final-factorial-tls-b3-rf3-isr3-msg102400-tps10000-batch16384-acks1-prod6-compnone-trial2,1,890.09143,890.09143,890.09143,86.93,86.93,86.93,350.7789544,350.7789544,350.7789544,7908,7908.0,7908.0
security-overhead-final-factorial-tls-b3-rf3-isr3-msg102400-tps10000-batch16384-acks1-prod6-compnone-trial3,1,872.451165,872.451165,872.451165,85.21,85.21,85.21,364.29825009999996,364.29825009999996,364.29825009999996,7994,7994.0,7994.0
security-overhead-final-factorial-tls-b3-rf3-isr3-msg102400-tps10000-batch16384-acksall-prod1-complz4-trial1,1,1051.856527,1051.856527,1051.856527,102.72,102.72,102.72,203.33,203.33,203.33,1366,1366.0,1366.0
security-overhead-final-factorial-tls-b3-rf3-isr3-msg102400-tps10000-batch16384-acksall-prod1-complz4-trial2,1,997.755051,997.755051,997.755051,97.44,97.44,97.44,248.09,248.09,248.09,1381,1381.0,1381.0
security-overhead-final-factorial-tls-b3-rf3-isr3-msg102400-tps10000-batch16384-acksall-prod1-complz4-trial3,1,1073.825503,1073.825503,1073.825503,104.87,104.87,104.87,157.34,157.34,157.34,1299,1299.0,1299.0
security-overhead-final-factorial-tls-b3-rf3-isr3-msg102400-tps10000-batch16384-acksall-prod1-compnone-trial1,1,1181.167466,1181.167466,1181.167466,115.35,115.35,115.35,244.31,244.31,244.31,1254,1254.0,1254.0
security-overhead-final-factorial-tls-b3-rf3-isr3-msg102400-tps10000-batch16384-acksall-prod1-compnone-trial2,1,1050.188509,1050.188509,1050.188509,102.56,102.56,102.56,271.87,271.87,271.87,1157,1157.0,1157.0
security-overhead-final-factorial-tls-b3-rf3-isr3-msg102400-tps10000-batch16384-acksall-prod1-compnone-trial3,1,1095.314246,1095.314246,1095.314246,106.96,106.96,106.96,265.25,265.25,265.25,1568,1568.0,1568.0
security-overhead-final-factorial-tls-b3-rf3-isr3-msg102400-tps10000-batch16384-acksall-prod12-complz4-trial1,1,628.285471,628.285471,628.285471,61.33,61.33,61.33,1182.9750354,1182.9750354,1182.9750354,17571,17571.0,17571.0
security-overhead-final-factorial-tls-b3-rf3-isr3-msg102400-tps10000-batch16384-acksall-prod12-complz4-trial2,1,622.703111,622.703111,622.703111,60.81,60.81,60.81,1327.2362905,1327.2362905,1327.2362905,17864,17864.0,17864.0
security-overhead-final-factorial-tls-b3-rf3-isr3-msg102400-tps10000-batch16384-acksall-prod12-complz4-trial3,1,623.398552,623.398552,623.398552,60.87,60.87,60.87,1329.6451657,1329.6451657,1329.6451657,17988,17988.0,17988.0
security-overhead-final-factorial-tls-b3-rf3-isr3-msg102400-tps10000-batch16384-acksall-prod12-compnone-trial1,1,728.87231,728.87231,728.87231,71.17,71.17,71.17,1540.2735097,1540.2735097,1540.2735097,17171,17171.0,17171.0
security-overhead-final-factorial-tls-b3-rf3-isr3-msg102400-tps10000-batch16384-acksall-prod12-compnone-trial2,1,732.436331,732.436331,732.436331,71.52,71.52,71.52,1535.9440534,1535.9440534,1535.9440534,16970,16970.0,16970.0
security-overhead-final-factorial-tls-b3-rf3-isr3-msg102400-tps10000-batch16384-acksall-prod12-compnone-trial3,1,734.271655,734.271655,734.271655,71.71000000000001,71.71000000000001,71.71000000000001,1537.069128,1537.069128,1537.069128,16709,16709.0,16709.0
security-overhead-final-factorial-tls-b3-rf3-isr3-msg102400-tps10000-batch16384-acksall-prod6-complz4-trial1,1,734.7621770000001,734.7621770000001,734.7621770000001,71.75,71.75,71.75,378.78395510000007,378.78395510000007,378.78395510000007,8898,8898.0,8898.0
security-overhead-final-factorial-tls-b3-rf3-isr3-msg102400-tps10000-batch16384-acksall-prod6-complz4-trial2,1,736.777471,736.777471,736.777471,71.96,71.96,71.96,319.1828686,319.1828686,319.1828686,8824,8824.0,8824.0
security-overhead-final-factorial-tls-b3-rf3-isr3-msg102400-tps10000-batch16384-acksall-prod6-complz4-trial3,1,738.471012,738.471012,738.471012,72.13,72.13,72.13,323.55524119999995,323.55524119999995,323.55524119999995,8764,8764.0,8764.0
security-overhead-final-factorial-tls-b3-rf3-isr3-msg102400-tps10000-batch16384-acksall-prod6-compnone-trial1,1,864.92839,864.92839,864.92839,84.47,84.47,84.47,445.5779956,445.5779956,445.5779956,8691,8691.0,8691.0
security-overhead-final-factorial-tls-b3-rf3-isr3-msg102400-tps10000-batch16384-acksall-prod6-compnone-trial2,1,876.049605,876.049605,876.049605,85.55,85.55,85.55,421.0184638,421.0184638,421.0184638,8353,8353.0,8353.0
security-overhead-final-factorial-tls-b3-rf3-isr3-msg102400-tps10000-batch16384-acksall-prod6-compnone-trial3,1,875.37487,875.37487,875.37487,85.5,85.5,85.5,400.6779599,400.6779599,400.6779599,8810,8810.0,8810.0
