batch_size,security_mode,metric,metric_label,count,mean,median,std,min,q25,q75,max
16384,mtls,throughput_records_per_sec,Throughput records/s,864,2161.6376188981485,999.620144,2381.2715291759014,570.603699,997.4594075,2267.8359339999997,9980.03992
16384,plaintext,throughput_records_per_sec,Throughput records/s,864,2555.5471966909718,999.6115165,2828.1365748085764,623.419629,997.44248375,2896.435559,9976.057462
16384,tls,throughput_records_per_sec,Throughput records/s,864,2134.2329340497686,999.650122,2374.1838782420964,553.57196,997.0903545,2163.97417425,9977.052779
131072,mtls,throughput_records_per_sec,Throughput records/s,864,2551.823512074074,999.6340935000001,2758.1105630214115,596.449264,997.63863425,3635.676644,9979.044008
131072,plaintext,throughput_records_per_sec,Throughput records/s,864,3141.441060545139,999.660116,3378.911827354566,618.273229,997.8205665,5202.8330225,9976.057462
131072,tls,throughput_records_per_sec,Throughput records/s,864,2538.7938279131945,999.630137,2748.9556122559966,552.964662,997.3573805,3552.2354875,9979.044008
16384,mtls,throughput_mb_per_sec,Throughput MB/s,864,35.66564814814814,11.475000000000001,38.65108142917503,0.96,5.8575,69.7125,156.17
16384,plaintext,throughput_mb_per_sec,Throughput MB/s,864,38.702141203703704,13.379999999999999,40.51667893783199,0.96,8.7225,76.1325,179.72
16384,tls,throughput_mb_per_sec,Throughput MB/s,864,34.70275462962963,11.220000000000002,37.59017194563968,0.96,5.7524999999999995,65.69999999999999,155.78
131072,mtls,throughput_mb_per_sec,Throughput MB/s,864,39.02657407407407,11.930000000000001,39.67520052137329,0.96,6.762499999999999,72.63,157.86
131072,plaintext,throughput_mb_per_sec,Throughput MB/s,864,42.91594907407407,20.075,41.18764264604309,0.96,9.57,78.55499999999999,177.09
131072,tls,throughput_mb_per_sec,Throughput MB/s,864,38.07760416666667,14.91,38.4538492892813,0.96,6.705,71.12,158.7
16384,mtls,avg_latency_ms,Average latency ms,864,2156.0218819989586,690.54143755,2946.4149083789716,6.91,203.9970255,3985.1207271999992,12205.6751177
16384,plaintext,avg_latency_ms,Average latency ms,864,997.9594960201389,89.5890283,1874.891213436906,2.34,28.067883899999998,1340.82706035,9280.0909335
16384,tls,avg_latency_ms,Average latency ms,864,2208.9308682616897,614.9248818,3048.345615455023,6.28,179.168823425,4070.349352875,12935.0616501
131072,mtls,avg_latency_ms,Average latency ms,864,1518.1244000489585,358.06571859999997,2300.5842621256643,6.04,117.54499999999999,2005.8048944,12418.1422486
131072,plaintext,avg_latency_ms,Average latency ms,864,76.86170975590278,39.246642449999996,99.89600793403822,3.05,10.850000000000001,97.70717685,532.1734536
131072,tls,avg_latency_ms,Average latency ms,864,1513.2010398868053,363.54402934999996,2291.912590174651,5.52,108.65042915,2101.1169862750003,9575.4996036
16384,mtls,max_latency_ms,Maximum latency ms,864,10204.744212962964,9487.0,7555.329120928169,1095.0,1467.75,18690.0,26024.0
16384,plaintext,max_latency_ms,Maximum latency ms,864,5547.311342592592,5178.5,4077.8020191030582,487.0,872.5,9893.0,15492.0
16384,tls,max_latency_ms,Maximum latency ms,864,9662.33912037037,9038.0,7214.197946490988,977.0,1417.25,17100.0,25204.0
131072,mtls,max_latency_ms,Maximum latency ms,864,10055.225694444445,9399.0,7441.256165344329,1032.0,1445.75,18449.5,32187.0
131072,plaintext,max_latency_ms,Maximum latency ms,864,5139.645833333333,4917.0,3766.2498979153593,472.0,721.0,9453.5,11842.0
131072,tls,max_latency_ms,Maximum latency ms,864,9427.277777777777,8906.5,6962.776108406938,924.0,1365.5,17064.75,24947.0
16384,mtls,producer_throughput_records_per_sec_min,Producer shard min throughput records/s,864,1176.218179653935,208.1880525,2357.2291944717986,46.860941,120.83235875,999.680102,9980.03992
16384,plaintext,producer_throughput_records_per_sec_min,Producer shard min throughput records/s,864,1246.3358948912037,314.834379,2392.7915350782123,51.433827,123.533876,999.7125825,9976.057462
16384,tls,producer_throughput_records_per_sec_min,Producer shard min throughput records/s,864,1160.4563640891201,214.965573,2341.764743030757,45.522584,113.3882095,999.680102,9977.052779
131072,mtls,producer_throughput_records_per_sec_min,Producer shard min throughput records/s,864,1395.4752594502313,252.699475,2702.597705521665,49.157121,123.41007825,999.7325717499999,9979.044008
131072,plaintext,producer_throughput_records_per_sec_min,Producer shard min throughput records/s,864,1510.358225241898,456.7953285,2813.326407847348,50.812735,124.86880925,999.750062,9976.057462
131072,tls,producer_throughput_records_per_sec_min,Producer shard min throughput records/s,864,1382.2674605717593,261.172503,2681.0838905088367,45.644994,119.81846625,999.740068,9979.044008
16384,mtls,producer_throughput_records_per_sec_max,Producer shard max throughput records/s,864,1182.0222426574076,214.591358,2355.916368557375,48.559757,123.0947415,999.710084,9980.03992
16384,plaintext,producer_throughput_records_per_sec_max,Producer shard max throughput records/s,864,1255.4522486041665,324.949547,2391.8585436792787,52.626261,125.25112575,999.7125825,9976.057462
16384,tls,producer_throughput_records_per_sec_max,Producer shard max throughput records/s,864,1166.1115223298611,221.639242,2340.518180602138,46.943834,115.2221725,999.70009,9977.052779
131072,mtls,producer_throughput_records_per_sec_max,Producer shard max throughput records/s,864,1405.1645081238428,278.36078,2699.920274762509,50.853767,125.02369225,999.7325717499999,9979.044008
131072,plaintext,producer_throughput_records_per_sec_max,Producer shard max throughput records/s,864,1521.1835542372687,511.076545,2810.6667746549,52.335732,126.5691955,999.750062,9976.057462
131072,tls,producer_throughput_records_per_sec_max,Producer shard max throughput records/s,864,1392.759886347222,286.328148,2678.173875204121,47.463921,121.41705775,999.740068,9979.044008
16384,mtls,producer_avg_latency_ms_min,Producer shard min avg latency ms,864,1960.5663773148146,611.15,2736.855324835388,6.91,190.765,3822.5475,11795.72
16384,plaintext,producer_avg_latency_ms_min,Producer shard min avg latency ms,864,911.8292129629631,71.91,1785.5348583322366,2.34,23.3025,1049.8825,9049.27
16384,tls,producer_avg_latency_ms_min,Producer shard min avg latency ms,864,2025.1131018518518,564.91,2847.783387834561,6.28,163.3325,3847.6549999999997,11985.65
131072,mtls,producer_avg_latency_ms_min,Producer shard min avg latency ms,864,1264.4943981481483,318.945,1923.6559691317016,6.04,106.8725,1712.825,11569.47
131072,plaintext,producer_avg_latency_ms_min,Producer shard min avg latency ms,864,55.44693287037036,32.56,64.97015821895076,3.05,10.692499999999999,73.045,396.73
131072,tls,producer_avg_latency_ms_min,Producer shard min avg latency ms,864,1272.3263194444446,319.28999999999996,1923.2228213192477,5.52,100.0475,1752.2125,8797.87
16384,mtls,producer_avg_latency_ms_max,Producer shard max avg latency ms,864,2366.982372685185,772.63,3191.3195743701967,6.91,220.89249999999998,4158.362499999999,13083.29
16384,plaintext,producer_avg_latency_ms_max,Producer shard max avg latency ms,864,1078.6828935185185,104.44,1968.6447798563731,2.34,30.3575,1575.0475,9582.54
16384,tls,producer_avg_latency_ms_max,Producer shard max avg latency ms,864,2408.936192129629,656.655,3279.9340071938527,6.28,194.02,4284.3,13959.67
131072,mtls,producer_avg_latency_ms_max,Producer shard max avg latency ms,864,1737.620520833333,394.075,2598.7746997126824,6.04,117.54499999999999,2293.405,13905.85
131072,plaintext,producer_avg_latency_ms_max,Producer shard max avg latency ms,864,104.08811342592593,46.66,151.2524174241495,3.05,10.850000000000001,128.54749999999999,1059.28
131072,tls,producer_avg_latency_ms_max,Producer shard max avg latency ms,864,1730.6856828703703,398.445,2590.21888307766,5.52,112.7,2413.605,10933.14
16384,mtls,interval_avg_latency_ms_p95,Interval avg latency p95 diagnostic,864,6639.365706018517,5425.679999999998,6255.462407904187,9.919999999999876,522.43625,11926.777499999997,21468.6
16384,plaintext,interval_avg_latency_ms_p95,Interval avg latency p95 diagnostic,864,2621.602401620368,699.375,3532.436592262019,4.709999999999989,96.025,4835.945,12560.27
16384,tls,interval_avg_latency_ms_p95,Interval avg latency p95 diagnostic,864,6667.342025462962,5768.969999999999,6251.176509074149,8.9099999999999,517.475,12054.575,20172.654999999995
131072,mtls,interval_avg_latency_ms_p95,Interval avg latency p95 diagnostic,864,6088.14356481481,4493.3525,5985.899200052022,8.299999999999908,309.29999999999995,9794.681250000001,31667.5
131072,plaintext,interval_avg_latency_ms_p95,Interval avg latency p95 diagnostic,864,2191.5408912036946,298.0,3334.0456510511026,4.01,19.727499999999996,3957.486249999999,11489.7
131072,tls,interval_avg_latency_ms_p95,Interval avg latency p95 diagnostic,864,6041.171747685182,4662.372499999998,5797.4943043910525,7.389999999999932,286.66625,9530.6875,19770.999999999993
16384,mtls,interval_avg_latency_ms_p99,Interval avg latency p99 diagnostic,864,8922.907996527778,8751.574999999999,7322.19273921006,51.10400000000001,532.2372499999999,17051.308999999997,22457.13399999999
16384,plaintext,interval_avg_latency_ms_p99,Interval avg latency p99 diagnostic,864,4321.918550925925,2713.132500000014,4270.930644907016,7.114999999999999,161.23225000000002,9228.317500000001,13154.794999999998
16384,tls,interval_avg_latency_ms_p99,Interval avg latency p99 diagnostic,864,8694.862967592593,8465.284500000002,7033.91702119313,42.10200000000001,572.71775,16063.574999999999,21524.352000000003
131072,mtls,interval_avg_latency_ms_p99,Interval avg latency p99 diagnostic,864,8971.432675925924,8831.055,7419.583645902947,39.26000000000001,336.86375,17347.449999999997,32155.5
131072,plaintext,interval_avg_latency_ms_p99,Interval avg latency p99 diagnostic,864,3749.027609953703,755.2179999999998,4227.303609807623,4.082,23.183750000000003,9099.105000000001,11677.14
131072,tls,interval_avg_latency_ms_p99,Interval avg latency p99 diagnostic,864,8578.858869212963,8479.505000000001,6995.618947719509,30.35800000000001,320.79074999999995,16100.195000000003,20705.44
16384,mtls,interval_max_latency_ms_p95,Interval max latency p95 diagnostic,864,8645.501793981479,8235.575,6883.970119222572,133.79999999999774,1290.3624999999997,15670.75,22858.15
16384,plaintext,interval_max_latency_ms_p95,Interval max latency p95 diagnostic,864,3627.7764467592533,1856.1499999999944,3629.673465600515,83.19999999999878,744.2999999999988,5935.862499999999,14061.25
16384,tls,interval_max_latency_ms_p95,Interval max latency p95 diagnostic,864,8410.171354166665,8027.249999999998,6729.223847527394,122.89999999999796,1249.6374999999998,15196.6375,22227.049999999996
131072,mtls,interval_max_latency_ms_p95,Interval max latency p95 diagnostic,864,8083.2950231481445,7016.374999999996,6597.441791868079,127.59999999999778,1318.6000000000001,14033.34999999999,31667.5
131072,plaintext,interval_max_latency_ms_p95,Interval max latency p95 diagnostic,864,3031.460358796287,1465.25,3107.6385172134624,80.99999999999872,638.1374999999999,5016.962499999901,11489.7
131072,tls,interval_max_latency_ms_p95,Interval max latency p95 diagnostic,864,7774.310532407404,7037.224999999992,6317.413444577839,111.099999999998,1163.7,13987.975,20223.0
16384,mtls,interval_max_latency_ms_p99,Interval max latency p99 diagnostic,864,9870.64829861111,9275.145,7326.406394979785,902.7600000000004,1394.0974999999999,18259.29,25159.609999999993
16384,plaintext,interval_max_latency_ms_p99,Interval max latency p99 diagnostic,864,5306.142638888888,4886.105,3921.429756872093,471.16,848.23,9417.977499999995,15122.85
16384,tls,interval_max_latency_ms_p99,Interval max latency p99 diagnostic,864,9385.941574074073,8875.02,7030.316924987359,806.1800000000003,1353.4599999999998,16629.124999999996,23625.090000000004
131072,mtls,interval_max_latency_ms_p99,Interval max latency p99 diagnostic,864,9716.739386574072,9115.32,7228.491248541124,851.6400000000003,1373.9650000000001,17974.395,32155.5
131072,plaintext,interval_max_latency_ms_p99,Interval max latency p99 diagnostic,864,4912.031574074074,4704.845000000001,3613.0447780510767,428.4400000000001,686.0,9100.365000000003,11677.14
131072,tls,interval_max_latency_ms_p99,Interval max latency p99 diagnostic,864,9155.63212962963,8709.810000000001,6799.53270946055,762.9000000000002,1256.6799999999998,16496.06,23335.4
16384,mtls,benchmark_client_cpu_percent_mean,Benchmark client CPU %,864,76.46508999521214,86.89669490254872,23.367751317356,4.120404290873807,65.61493819776715,94.32244565217393,97.394043715847
16384,plaintext,benchmark_client_cpu_percent_mean,Benchmark client CPU %,864,77.99576647912056,83.54011923688395,19.5824342646202,1.892249735769289,70.61159048469595,94.34494566922076,96.8525568181818
16384,tls,benchmark_client_cpu_percent_mean,Benchmark client CPU %,864,78.07117668320929,88.18667136150233,22.212753884858667,1.408793975693435,68.8705813242488,94.4797129707527,97.0655617977528
131072,mtls,benchmark_client_cpu_percent_mean,Benchmark client CPU %,864,75.05547882862787,83.65082491582493,24.050891041678337,6.7025289239275105,67.15978021978022,94.35871028887712,97.2302162162162
131072,plaintext,benchmark_client_cpu_percent_mean,Benchmark client CPU %,863,75.92797004115137,81.61309734513274,21.155630634089032,16.004727272727273,68.693841991342,94.23219892473118,97.02861111111112
131072,tls,benchmark_client_cpu_percent_mean,Benchmark client CPU %,864,76.73668357268303,85.56487318840578,22.66194123441607,7.1586453786134125,69.57574951267057,94.44401468085107,97.2155
16384,mtls,broker_cpu_percent_mean,Broker CPU mean %,864,24.37759397961704,23.03209239038662,13.515425147319014,4.620043245014176,13.183302117198265,33.65170114401067,57.77664313795333
16384,plaintext,broker_cpu_percent_mean,Broker CPU mean %,862,30.920632748492892,29.712265395176047,9.22361975839125,14.833636197084145,23.411929347358424,37.58770959734055,55.406839761137505
16384,tls,broker_cpu_percent_mean,Broker CPU mean %,863,27.033604386294304,25.64739654364004,13.262294881618478,4.662557064704774,15.490320125152625,35.7941364640446,59.82172628523237
131072,mtls,broker_cpu_percent_mean,Broker CPU mean %,864,20.314776143316923,15.965508601634111,14.1747299616292,3.2207672442534174,8.829370226994694,29.875306756167994,58.35175110594206
131072,plaintext,broker_cpu_percent_mean,Broker CPU mean %,864,26.495914314933696,24.679562980899412,9.75857597251418,8.56043141109655,19.610257087396995,31.048855489670487,56.61478827598951
131072,tls,broker_cpu_percent_mean,Broker CPU mean %,864,22.883223267973055,18.319628898918978,14.106620294108343,3.2852559333624813,12.081075736438754,33.62619957786376,59.29109343769285
16384,mtls,broker_cpu_percent_max_mean,Broker CPU max mean %,864,54.84991898148149,55.259,20.568139348601704,19.58,33.805166666666665,72.6325,96.594
16384,plaintext,broker_cpu_percent_max_mean,Broker CPU max mean %,862,58.17521191028616,57.04233333333333,14.94576191906174,27.69,45.857,67.9565,95.458
16384,tls,broker_cpu_percent_max_mean,Broker CPU max mean %,863,56.759375048281186,58.04,19.36620932847082,18.44333333333333,39.269000000000005,73.608,96.162
131072,mtls,broker_cpu_percent_max_mean,Broker CPU max mean %,864,46.00897839506173,40.363,21.45532683508588,10.088,27.6785,63.715,97.168
131072,plaintext,broker_cpu_percent_max_mean,Broker CPU max mean %,864,48.88067438271605,45.6,15.254395109958388,18.358,38.0305,58.5445,91.97
131072,tls,broker_cpu_percent_max_mean,Broker CPU max mean %,864,48.10680439814814,41.165,20.49364973686309,11.28,31.650000000000006,65.829,97.842
16384,mtls,benchmark_client_memory_used_percent_mean,Benchmark client memory %,864,20.77566578934419,17.150423728813557,11.205763405514293,7.583043478260869,11.259449230205279,27.62396711259756,49.64408602150537
16384,plaintext,benchmark_client_memory_used_percent_mean,Benchmark client memory %,864,19.31974242089812,17.73036036036036,8.483497365538716,8.925108401084012,11.638863636363634,25.010305147058823,39.27390804597701
16384,tls,benchmark_client_memory_used_percent_mean,Benchmark client memory %,864,21.701344394092043,17.542642195767176,11.237527278591683,8.918236029540036,12.252417623102554,28.823620689655172,50.044405940594054
131072,mtls,benchmark_client_memory_used_percent_mean,Benchmark client memory %,864,17.266728088043266,15.627054507337524,7.767033349778888,7.588148148148148,10.501146833503565,22.049507296552754,38.476630434782635
131072,plaintext,benchmark_client_memory_used_percent_mean,Benchmark client memory %,863,16.396988840352673,14.987272727272726,5.9122633384326955,9.386833333333334,11.198085619535725,20.71630078477672,31.9304469273743
131072,tls,benchmark_client_memory_used_percent_mean,Benchmark client memory %,864,18.044706367447734,16.312172679827547,7.580318618570077,8.407913931186195,11.25092025206432,22.36409836065574,38.935531914893616
16384,mtls,broker_memory_used_percent_mean,Broker memory %,864,23.064280656930595,23.383762483620032,1.2668370142311147,12.408526294990724,23.001452888970597,23.62870637583292,24.664858875848157
16384,plaintext,broker_memory_used_percent_mean,Broker memory %,862,23.350791113994838,23.42387409494892,0.8944292318266585,12.832862211760968,23.074880739826604,23.891232029085003,24.699011219837537
16384,tls,broker_memory_used_percent_mean,Broker memory %,863,23.155241974237708,23.59788402323594,1.3508597872109982,12.689896058735837,23.1340495372174,23.831531771606155,24.820706211697477
131072,mtls,broker_memory_used_percent_mean,Broker memory %,864,23.367516807853203,23.47369236214344,0.4672713874139537,22.290495859239265,23.106391894461243,23.726229598657458,24.93820518145855
131072,plaintext,broker_memory_used_percent_mean,Broker memory %,864,23.46913953756422,23.456441963097035,0.4391365837710316,21.84058388592517,23.12705465186987,23.921730091818226,24.83018833071431
131072,tls,broker_memory_used_percent_mean,Broker memory %,864,23.467387214494153,23.689704027198857,0.7610140545218248,20.841912738054596,23.2419948660241,23.896728609734975,25.11084886931466
16384,mtls,benchmark_client_network_rx_bytes_delta,Benchmark client network RX bytes,864,25310149.515046295,27841418.5,13671999.000308989,1653826.0,18975678.75,38004749.25,43286341.0
16384,plaintext,benchmark_client_network_rx_bytes_delta,Benchmark client network RX bytes,864,20723071.659722224,24781406.5,11234413.43309534,1119121.0,14907356.5,30271723.75,34476212.0
16384,tls,benchmark_client_network_rx_bytes_delta,Benchmark client network RX bytes,864,25030566.354166668,27583295.0,13601373.129092915,1555565.0,18639331.75,37635731.75,42628226.0
131072,mtls,benchmark_client_network_rx_bytes_delta,Benchmark client network RX bytes,864,19397315.91898148,19177603.0,16101078.889433526,645808.0,4758792.5,38195292.25,85183486.0
131072,plaintext,benchmark_client_network_rx_bytes_delta,Benchmark client network RX bytes,863,15349514.577056779,15761716.0,12898181.555119643,325067.0,2920262.0,30863446.5,37888000.0
131072,tls,benchmark_client_network_rx_bytes_delta,Benchmark client network RX bytes,864,18946333.25462963,17887908.0,15903085.17179104,589965.0,4587364.25,37942396.25,59602216.0
16384,mtls,benchmark_client_network_tx_bytes_delta,Benchmark client network TX bytes,864,3869338907.5347223,1084806743.0,4637213570.486202,106746225.0,140207917.25,10396631253.5,10446080526.0
16384,plaintext,benchmark_client_network_tx_bytes_delta,Benchmark client network TX bytes,864,3843960485.9930553,1063672439.5,4620197441.859699,105370099.0,124524325.75,10350112350.5,10371403500.0
16384,tls,benchmark_client_network_tx_bytes_delta,Benchmark client network TX bytes,864,3869333955.9872684,1084843983.5,4637683286.711329,106652725.0,139235471.75,10397219323.0,10432070096.0
131072,mtls,benchmark_client_network_tx_bytes_delta,Benchmark client network TX bytes,864,3869940615.548611,1042767566.0,4676022923.421955,104877612.0,139040435.0,10397212775.75,20803907662.0
131072,plaintext,benchmark_client_network_tx_bytes_delta,Benchmark client network TX bytes,863,3840478918.196987,1037482179.0,4627570276.317349,104343590.0,124006297.0,10351508186.0,10388416306.0
131072,tls,benchmark_client_network_tx_bytes_delta,Benchmark client network TX bytes,864,3857742956.497685,1042774157.5,4646283007.750421,104768322.0,137906007.75,10397610940.75,10440344176.0
16384,mtls,broker_network_rx_bytes_delta_mean,Broker network RX bytes mean,864,3471172485.976003,1083754692.8000002,4284483598.5962505,64701286.4,135139437.9,6852977268.983334,10470749076.0
16384,plaintext,broker_network_rx_bytes_delta_mean,Broker network RX bytes mean,862,3447936858.120031,1066913957.5,4259325690.33794,63924712.2,116628559.58333333,7366030723.7,10356977201.8
16384,tls,broker_network_rx_bytes_delta_mean,Broker network RX bytes mean,863,3476434029.3507915,1083551165.0,4289562034.5891666,64618382.4,125441363.4,7524338694.033333,10422645644.666666
131072,mtls,broker_network_rx_bytes_delta_mean,Broker network RX bytes mean,864,3471858954.6316357,1041551408.7,4324300738.917337,63100372.8,133919791.15,6861452158.75,20865416273.0
131072,plaintext,broker_network_rx_bytes_delta_mean,Broker network RX bytes mean,864,3435600680.6655865,1035782379.5,4262241351.2733946,62721307.8,126025014.5,6659483238.0,10359020931.4
131072,tls,broker_network_rx_bytes_delta_mean,Broker network RX bytes mean,864,3462439816.6233406,1041490228.0,4294101306.0608907,63015116.4,139073591.35000002,6832817161.1,10424855738.0
16384,mtls,broker_network_tx_bytes_delta_mean,Broker network TX bytes mean,864,2585228456.9016204,805903200.3,3240217474.3759837,43991591.4,104363867.65,4453965351.316667,8428300047.0
16384,plaintext,broker_network_tx_bytes_delta_mean,Broker network TX bytes mean,862,2563443749.17208,855155554.9000001,3216835073.115328,43373017.0,93358895.85,4284879432.7000003,8314912632.0
16384,tls,broker_network_tx_bytes_delta_mean,Broker network TX bytes mean,863,2589727948.3388953,867686506.4,3244680562.268678,43904892.2,100759736.6,4781394056.266666,8372580494.8
131072,mtls,broker_network_tx_bytes_delta_mean,Broker network TX bytes mean,864,2583688925.559336,782866231.9333334,3275037309.8805985,42488890.4,102483467.05,4462631282.633333,16778933534.6
131072,plaintext,broker_network_tx_bytes_delta_mean,Broker network TX bytes mean,864,2551975504.5545917,778422318.9,3220289830.108946,42081991.0,96178202.1,4262575533.1499996,8316650711.2
131072,tls,broker_network_tx_bytes_delta_mean,Broker network TX bytes mean,864,2576470532.1382327,783500381.3333333,3249196852.0532117,42380876.4,108614335.08333331,4432430921.45,8371471508.0
16384,mtls,broker_network_rx_bytes_delta_total,Broker network RX bytes total,864,15432916168.640047,4318352242.5,19436818560.40349,320510831.0,562711732.5,31225705510.0,52353745380.0
16384,plaintext,broker_network_rx_bytes_delta_total,Broker network RX bytes total,862,15339312361.75638,5290011257.0,19336735887.60807,317241742.0,547615533.0,31036593011.5,51784886009.0
16384,tls,broker_network_rx_bytes_delta_total,Broker network RX bytes total,863,15458593012.512167,5365601143.0,19461131975.101425,320357452.0,556186255.0,31224430310.5,52093240398.0
131072,mtls,broker_network_rx_bytes_delta_total,Broker network RX bytes total,864,15441229971.291666,4215724484.0,19653534562.486206,314611641.0,557959786.0,31227527939.5,104327081365.0
131072,plaintext,broker_network_rx_bytes_delta_total,Broker network RX bytes total,864,15275852253.37963,3196532431.0,19353309879.269646,313046022.0,548062493.75,31037306818.0,51795104657.0
131072,tls,broker_network_rx_bytes_delta_total,Broker network RX bytes total,864,15381576242.94213,4212937264.5,19475154581.802837,314480664.0,567335105.25,31224421708.0,52098200085.0
16384,mtls,broker_network_tx_bytes_delta_total,Broker network TX bytes total,864,11637809991.697916,3286921856.5,15152524130.080536,216785156.0,460803707.75,20951871215.5,42141500235.0
16384,plaintext,broker_network_tx_bytes_delta_total,Broker network TX bytes total,862,11549192676.404873,4275777774.5,15056201388.464376,214019992.0,447699240.75,20780566017.75,41574563160.0
16384,tls,broker_network_tx_bytes_delta_total,Broker network TX bytes total,863,11659827660.483198,4338432532.0,15174918180.10469,216638749.0,452638314.5,20947968324.5,41862902474.0
131072,mtls,broker_network_tx_bytes_delta_total,Broker network TX bytes total,864,11634638161.195602,3189335318.5,15335480497.140442,211416566.0,456022722.0,20949120977.5,83894667673.0
131072,plaintext,broker_network_tx_bytes_delta_total,Broker network TX bytes total,864,11490325290.23264,2177545814.0,15073697095.646755,209739340.0,446039810.75,20780080528.75,41583253556.0
131072,tls,broker_network_tx_bytes_delta_total,Broker network TX bytes total,864,11590130437.487268,3187032491.0,15191101541.500687,211299260.0,466079458.75,20945754264.25,41857357540.0
16384,mtls,benchmark_client_disk_read_sectors_delta,Benchmark client disk read sectors,864,5.425925925925926,0.0,86.75147599381593,0.0,0.0,0.0,2120.0
16384,plaintext,benchmark_client_disk_read_sectors_delta,Benchmark client disk read sectors,864,43.675925925925924,0.0,801.0277001811335,0.0,0.0,0.0,22040.0
16384,tls,benchmark_client_disk_read_sectors_delta,Benchmark client disk read sectors,864,32.22222222222222,0.0,453.52229177384703,0.0,0.0,0.0,11552.0
131072,mtls,benchmark_client_disk_read_sectors_delta,Benchmark client disk read sectors,864,288.14814814814815,0.0,8384.170533428318,0.0,0.0,0.0,246584.0
131072,plaintext,benchmark_client_disk_read_sectors_delta,Benchmark client disk read sectors,863,168.77056778679028,0.0,3618.9859056923065,0.0,0.0,0.0,102536.0
131072,tls,benchmark_client_disk_read_sectors_delta,Benchmark client disk read sectors,864,219.88888888888889,0.0,4450.007738930711,0.0,0.0,0.0,110904.0
16384,mtls,benchmark_client_disk_write_sectors_delta,Benchmark client disk write sectors,864,49106.62962962963,47760.0,29695.388229859615,6168.0,35532.0,59096.0,567712.0
16384,plaintext,benchmark_client_disk_write_sectors_delta,Benchmark client disk write sectors,864,44393.805555555555,44012.0,23148.912962222694,6296.0,32472.0,53464.0,433280.0
16384,tls,benchmark_client_disk_write_sectors_delta,Benchmark client disk write sectors,864,44187.00925925926,41932.0,39026.71179319113,6744.0,31318.0,53556.0,880792.0
131072,mtls,benchmark_client_disk_write_sectors_delta,Benchmark client disk write sectors,864,49599.601851851854,47272.0,41553.72757969378,6152.0,34822.0,58992.0,887600.0
131072,plaintext,benchmark_client_disk_write_sectors_delta,Benchmark client disk write sectors,863,44129.6315179606,42536.0,25435.36225405802,6176.0,32540.0,53672.0,462888.0
131072,tls,benchmark_client_disk_write_sectors_delta,Benchmark client disk write sectors,864,44769.26851851852,40712.0,75572.4727168498,6208.0,30264.0,52516.0,2127912.0
16384,mtls,broker_disk_read_sectors_delta_mean,Broker disk read sectors mean,864,7080.531944444444,0.0,25244.56079612777,0.0,0.0,8244.0,310771.2
16384,plaintext,broker_disk_read_sectors_delta_mean,Broker disk read sectors mean,862,8055.291569992267,0.0,23919.26724992882,0.0,0.0,12660.8,394941.3333333333
16384,tls,broker_disk_read_sectors_delta_mean,Broker disk read sectors mean,863,7341.556431054461,0.0,28017.9951749445,0.0,0.0,8309.599999999999,374310.4
131072,mtls,broker_disk_read_sectors_delta_mean,Broker disk read sectors mean,864,5939.6512345679,0.0,18660.49022879019,0.0,0.0,8773.2,307140.8
131072,plaintext,broker_disk_read_sectors_delta_mean,Broker disk read sectors mean,864,8161.6512345679,0.0,23246.715382311148,0.0,0.0,12745.6,287550.4
131072,tls,broker_disk_read_sectors_delta_mean,Broker disk read sectors mean,864,7137.231481481482,0.0,30350.60867801102,0.0,0.0,7830.0,449915.2
16384,mtls,broker_disk_write_sectors_delta_mean,Broker disk write sectors mean,864,6450754.404320987,1700576.0,8141970.664415485,15073.6,257185.2,13212532.399999999,21605782.4
16384,plaintext,broker_disk_write_sectors_delta_mean,Broker disk write sectors mean,862,6428924.529621036,1645200.5333333332,8122398.471450214,26326.4,262548.8,13907935.2,20373170.666666668
16384,tls,broker_disk_write_sectors_delta_mean,Broker disk write sectors mean,863,6427687.164465045,1643217.6,8116176.29733013,17988.8,256728.8,14183953.6,20262005.333333332
131072,mtls,broker_disk_write_sectors_delta_mean,Broker disk write sectors mean,864,6476706.327777778,1751362.4,8212698.708159222,19704.0,257234.8,12992417.333333334,41124512.0
131072,plaintext,broker_disk_write_sectors_delta_mean,Broker disk write sectors mean,864,6413842.275925926,1745273.0666666667,8114731.228597861,16656.0,266393.6,13069388.133333333,20611715.2
131072,tls,broker_disk_write_sectors_delta_mean,Broker disk write sectors mean,864,6417082.126543211,1751422.9333333333,8096558.533204091,18505.6,259178.4,12933435.333333334,20574584.0
16384,mtls,broker_disk_read_sectors_delta_total,Broker disk read sectors total,864,31481.011574074073,0.0,113182.38024295351,0.0,0.0,38514.0,1553856.0
16384,plaintext,broker_disk_read_sectors_delta_total,Broker disk read sectors total,862,36137.8283062645,0.0,105631.42774620335,0.0,0.0,62852.0,1284864.0
16384,tls,broker_disk_read_sectors_delta_total,Broker disk read sectors total,863,33482.122827346466,0.0,134184.9485810358,0.0,0.0,41544.0,1871552.0
131072,mtls,broker_disk_read_sectors_delta_total,Broker disk read sectors total,864,26810.675925925927,0.0,91374.4955810497,0.0,0.0,43290.0,1535704.0
131072,plaintext,broker_disk_read_sectors_delta_total,Broker disk read sectors total,864,37019.17592592593,0.0,113902.81967076377,0.0,0.0,62712.0,1437752.0
131072,tls,broker_disk_read_sectors_delta_total,Broker disk read sectors total,864,32624.5,0.0,149715.46452264534,0.0,0.0,24886.0,2249576.0
16384,mtls,broker_disk_write_sectors_delta_total,Broker disk write sectors total,864,28617542.046296295,6520908.0,36766060.1783969,75368.0,1195674.0,59175246.0,108028912.0
16384,plaintext,broker_disk_write_sectors_delta_total,Broker disk write sectors total,862,28510751.155452438,6244320.0,36646585.28179267,131632.0,1079194.0,59043166.0,100426712.0
16384,tls,broker_disk_write_sectors_delta_total,Broker disk write sectors total,863,28508554.614136733,6687256.0,36613510.251750216,89944.0,1180396.0,58458844.0,100598496.0
131072,mtls,broker_disk_write_sectors_delta_total,Broker disk write sectors total,864,28734133.972222224,6376212.0,37152943.59288384,98520.0,998276.0,59259452.0,205622560.0
131072,plaintext,broker_disk_write_sectors_delta_total,Broker disk write sectors total,864,28420584.074074075,6103284.0,36612138.19171337,83280.0,1239788.0,58704986.0,103058576.0
131072,tls,broker_disk_write_sectors_delta_total,Broker disk write sectors total,864,28421908.944444444,6340288.0,36505028.362062715,92528.0,1052888.0,58415348.0,100219376.0
