producer_count,comparison_mode,metric,metric_label,count,mean_penalty_pct,median_penalty_pct,std_penalty_pct,min_penalty_pct,q25_penalty_pct,q75_penalty_pct,max_penalty_pct
1,mtls,avg_latency_ms,Average latency ms,576,429.4711774745388,174.85267506572433,628.7224164629123,-21.76277763894809,71.48430857207944,472.6539120777405,3286.4433811802237
1,mtls,benchmark_client_cpu_percent_mean,Benchmark client CPU %,575,-11.347176078385294,-7.188247965753947,25.50941265842854,-59.91660356038808,-32.16828209078088,1.7672794942414214,242.13168697487419
1,mtls,benchmark_client_disk_read_sectors_delta,Benchmark client disk read sectors,8,-100.0,-100.0,0.0,-100.0,-100.0,-100.0,-100.0
1,mtls,benchmark_client_disk_write_sectors_delta,Benchmark client disk write sectors,575,27.26252204768242,8.025078369905957,83.85391192722403,-95.55626662400256,-14.205815363042362,50.31943105110897,858.8318284424379
1,mtls,benchmark_client_memory_used_percent_mean,Benchmark client memory %,575,-7.988211533392825,-8.111433342121448,8.804339836918098,-25.706185743074762,-15.475929051224709,-1.5045883742299573,20.08906580310537
1,mtls,benchmark_client_network_rx_bytes_delta,Benchmark client network RX bytes,575,27.11487339778473,23.828932851972546,12.93755087528465,-7.480605996621621,17.476697154834632,38.382015260310894,66.14077120209785
1,mtls,benchmark_client_network_tx_bytes_delta,Benchmark client network TX bytes,575,1.3027549785393713,0.5374220367639283,1.1594265973734499,0.339430679343892,0.4489651299859493,2.0493148872642486,3.7172859257552515
1,mtls,broker_cpu_percent_max_mean,Broker CPU max mean %,576,-6.968271678331902,-4.041687598859174,24.03286449247098,-70.40121546339542,-26.429511840304134,7.561235140619837,72.72947836635663
1,mtls,broker_cpu_percent_mean,Broker CPU mean %,576,-22.92202972255133,-24.6558880281492,35.79506343427236,-78.19759517500917,-57.97798500023766,2.7741984651017204,63.660934247781654
1,mtls,broker_disk_read_sectors_delta_mean,Broker disk read sectors mean,235,118.1810760100774,-31.318416937327072,1425.4952159522807,-100.0,-80.57378760363193,-2.654706955775008,15587.5
1,mtls,broker_disk_read_sectors_delta_total,Broker disk read sectors total,235,118.1810760100774,-31.318416937327076,1425.4952159522804,-100.0,-80.57378760363194,-2.6547069557750107,15587.5
1,mtls,broker_disk_write_sectors_delta_mean,Broker disk write sectors mean,576,5.115182134271765,0.7001657632077926,28.376638513711367,-78.75998406099413,-2.0673501840544026,5.721644473438031,224.3741058655221
1,mtls,broker_disk_write_sectors_delta_total,Broker disk write sectors total,576,5.385874094875898,0.7001657632077974,29.09867884571277,-78.75998406099413,-2.067350184054408,5.786857827820623,224.37410586552215
1,mtls,broker_memory_used_percent_mean,Broker memory %,576,-0.9834874140572292,-0.19727434145488382,4.619822861881002,-46.19869961847966,-2.6081434080472485,1.1358055789621968,5.031157533392004
1,mtls,broker_network_rx_bytes_delta_mean,Broker network RX bytes mean,576,1.2012214424144563,0.6612790066715827,1.344892402773213,-6.619211371826528,0.6099683308791394,1.5789389600393433,12.338754903940611
1,mtls,broker_network_rx_bytes_delta_total,Broker network RX bytes total,576,1.4632234857312403,0.6616621555563971,6.4007196407839775,-6.619211371826536,0.6101890654521468,1.5899920205645621,151.52196158411314
1,mtls,broker_network_tx_bytes_delta_mean,Broker network TX bytes mean,576,1.3975086790909894,0.8459343161049416,2.237123171785077,-19.049349994277993,0.760854344013902,1.5485934651663802,21.962632267418904
1,mtls,broker_network_tx_bytes_delta_total,Broker network TX bytes total,576,1.6083176634808911,0.846198180216221,4.6837168046496584,-8.471345020239147,0.7613050341850658,1.5563105272736797,102.37662501430502
1,mtls,interval_avg_latency_ms_p95,Interval avg latency p95 diagnostic,576,746.1968654488595,271.1261756141296,1241.0989925860372,-58.07546666221829,102.95338782278897,636.4204732407262,10542.8927680798
1,mtls,interval_avg_latency_ms_p99,Interval avg latency p99 diagnostic,576,1051.9893367171596,552.4199183109131,1253.1127409084377,-82.16071658411711,251.98963426779164,1517.8734374086944,10788.682018618325
1,mtls,interval_max_latency_ms_p95,Interval max latency p95 diagnostic,576,63.58055073853216,59.43572221501327,56.535488499701636,-71.89466523045523,30.209926224010196,101.61810822096137,372.6594863297435
1,mtls,interval_max_latency_ms_p99,Interval max latency p99 diagnostic,576,87.03014246589431,91.5742915496856,45.271979566136984,-72.18178509689747,66.99691702223771,112.8965728485633,268.7476013816044
1,mtls,max_latency_ms,Maximum latency ms,576,89.7264201232614,95.36995644199908,45.88916992877196,-72.24409448818898,69.12220115172498,116.61640919433977,249.7730711043873
1,mtls,producer_avg_latency_ms_max,Producer shard max avg latency ms,576,429.4711774745388,174.85267506572433,628.7224164629123,-21.76277763894809,71.48430857207944,472.6539120777405,3286.4433811802237
1,mtls,producer_avg_latency_ms_min,Producer shard min avg latency ms,576,429.4711774745388,174.85267506572433,628.7224164629123,-21.76277763894809,71.48430857207944,472.6539120777405,3286.4433811802237
1,mtls,producer_throughput_records_per_sec_max,Producer shard max throughput records/s,576,1.5487177695606025,0.0004997748602291024,5.769832544388425,-23.64891307070046,-0.038238804975677644,0.1009534203614682,27.314142680631004
1,mtls,producer_throughput_records_per_sec_min,Producer shard min throughput records/s,576,1.5487177695606025,0.0004997748602291024,5.769832544388425,-23.64891307070046,-0.038238804975677644,0.1009534203614682,27.314142680631004
1,mtls,throughput_mb_per_sec,Throughput MB/s,576,1.5494100992093198,0.0,5.769548747784318,-23.629893238434168,-0.020489703923774225,0.10277492291880562,27.31192387749034
1,mtls,throughput_records_per_sec,Throughput records/s,576,1.5487177695606025,0.0004997748602291024,5.769832544388425,-23.64891307070046,-0.038238804975677644,0.1009534203614682,27.314142680631004
1,tls,avg_latency_ms,Average latency ms,576,433.89160191674466,181.22282004454507,653.6617122505778,-20.869041144217896,73.87355949091045,469.8306938902846,5625.722543352602
1,tls,benchmark_client_cpu_percent_mean,Benchmark client CPU %,575,-4.690447013978677,-1.7665854533437424,23.465965406196585,-71.15099167457484,-14.647339421374472,7.937823061904417,224.55796287331933
1,tls,benchmark_client_disk_read_sectors_delta,Benchmark client disk read sectors,8,-99.4047619047619,-100.0,1.5748519708717839,-100.0,-100.0,-100.0,-95.23809523809523
1,tls,benchmark_client_disk_write_sectors_delta,Benchmark client disk write sectors,575,28.790191607139693,-7.386503067484663,510.5405103858503,-91.692498450093,-30.259893053235963,19.951689560630733,12123.75919117647
1,tls,benchmark_client_memory_used_percent_mean,Benchmark client memory %,575,-0.13913401448076754,-0.8913967073818526,4.524193311863069,-17.215312170561983,-3.210515281566839,2.3003340123172693,19.092539978197625
1,tls,benchmark_client_network_rx_bytes_delta,Benchmark client network RX bytes,575,28.201638590702892,22.664990090275776,64.00748891433395,-7.61402027027027,17.099175303534764,36.91800128046863,1535.6386931622967
1,tls,benchmark_client_network_tx_bytes_delta,Benchmark client network TX bytes,575,1.4626214913073616,0.5181368481481236,4.555924285728386,0.3257039170257006,0.4547251152192131,2.045516001785919,107.20478226705427
1,tls,broker_cpu_percent_max_mean,Broker CPU max mean %,576,-1.4127957657833017,-0.4026347818191972,22.33805451579492,-63.89244558258643,-17.214495746062425,12.918301261936493,71.81419889763042
1,tls,broker_cpu_percent_mean,Broker CPU mean %,576,-12.342784031608778,-13.92441523276769,32.030028774792136,-74.02681984747014,-37.711724314589475,10.932142426288832,66.45381362220584
1,tls,broker_disk_read_sectors_delta_mean,Broker disk read sectors mean,235,146.4835112632444,-31.389746757257576,1831.4368964391751,-100.0,-84.12765618387616,-1.8064288738122574,27250.0
1,tls,broker_disk_read_sectors_delta_total,Broker disk read sectors total,235,146.4835112632444,-31.389746757257562,1831.4368964391751,-100.0,-84.12765618387616,-1.8064288738122514,27250.0
1,tls,broker_disk_write_sectors_delta_mean,Broker disk write sectors mean,576,8.193967245011862,0.15903450892529233,122.33819517245344,-78.39232217441595,-3.3390982924648895,4.301773968093164,2868.934815928461
1,tls,broker_disk_write_sectors_delta_total,Broker disk write sectors total,576,8.465236780782627,0.1590345089252943,122.50209018947749,-78.39232217441597,-3.339098292464877,4.433746570111136,2868.9348159284605
1,tls,broker_memory_used_percent_mean,Broker memory %,576,-0.5957383263460994,0.5107224113456499,4.626786911800908,-44.97872725289428,-1.1543337057060106,1.4956155564173264,5.112722588606834
1,tls,broker_network_rx_bytes_delta_mean,Broker network RX bytes mean,576,1.5839142719843442,0.6477783618012983,7.632978667408172,-1.5329621269661626,0.5982798310156139,1.6061808942613485,181.75657423832382
1,tls,broker_network_rx_bytes_delta_total,Broker network RX bytes total,576,1.8458299919701824,0.648301869907079,9.857946350159382,-1.5329621269661706,0.5983655836060757,1.6211984087770088,181.75657423832385
1,tls,broker_network_tx_bytes_delta_mean,Broker network TX bytes mean,576,1.7954842608726536,0.8223668327118083,7.7652719835997095,-19.063767502875233,0.7413231536965894,1.668008494219761,179.53519737688413
1,tls,broker_network_tx_bytes_delta_total,Broker network TX bytes total,576,2.0062556996672494,0.8226754821966669,8.77784282315813,-2.015060338602376,0.7416770360757974,1.672168919680865,179.53519737688416
1,tls,interval_avg_latency_ms_p95,Interval avg latency p95 diagnostic,576,760.2038578522602,267.53007291960364,1267.1346783809697,-61.414407300166616,94.84227031111533,612.4847359210328,8512.779901693066
1,tls,interval_avg_latency_ms_p99,Interval avg latency p99 diagnostic,576,1061.4473070354256,531.6172387741124,1280.6862066495178,-82.51558335883902,234.28922541438038,1478.0135411689018,8332.253234948133
1,tls,interval_max_latency_ms_p95,Interval max latency p95 diagnostic,576,54.7863462314716,50.6951741702285,55.895154109127986,-76.95011913597125,21.548734511915566,84.00972277339986,340.18761726078907
1,tls,interval_max_latency_ms_p99,Interval max latency p99 diagnostic,576,73.2608207518615,75.70600741392822,41.333479665041374,-78.20915542598257,53.79074228121078,97.88919603775024,188.83838882850839
1,tls,max_latency_ms,Maximum latency ms,576,75.57758741188877,78.86105378261362,41.760873230291985,-78.47660139395951,55.505695018069176,101.82344595393458,189.76377952755905
1,tls,producer_avg_latency_ms_max,Producer shard max avg latency ms,576,433.89160191674466,181.22282004454507,653.6617122505778,-20.869041144217896,73.87355949091045,469.8306938902846,5625.722543352602
1,tls,producer_avg_latency_ms_min,Producer shard min avg latency ms,576,433.89160191674466,181.22282004454507,653.6617122505778,-20.869041144217896,73.87355949091045,469.8306938902846,5625.722543352602
1,tls,producer_throughput_records_per_sec_max,Producer shard max throughput records/s,576,2.708673242859614,0.004998374128130809,6.158209650947039,-24.07268572643079,-0.017994247684234715,2.5248890375153663,25.464142705390465
1,tls,producer_throughput_records_per_sec_min,Producer shard min throughput records/s,576,2.708673242859614,0.004998374128130809,6.158209650947039,-24.07268572643079,-0.017994247684234715,2.5248890375153663,25.464142705390465
1,tls,throughput_mb_per_sec,Throughput MB/s,576,2.7087601140374495,0.0,6.158516561444925,-24.05693950177935,0.0,2.521828865839367,25.462322304692407
1,tls,throughput_records_per_sec,Throughput records/s,576,2.708673242859614,0.004998374128130809,6.158209650947039,-24.07268572643079,-0.017994247684234715,2.5248890375153663,25.464142705390465
6,mtls,avg_latency_ms,Average latency ms,576,1172.98790532303,698.6324452369254,1265.5129099901155,2.6904704183961963,304.4649379169707,1640.2942262616857,8222.997076813586
6,mtls,benchmark_client_cpu_percent_mean,Benchmark client CPU %,576,8.06315582740835,0.04654387031751473,196.39162308842327,-26.040072789161346,-2.5442535111269096,2.5324768272545457,4714.106222806124
6,mtls,benchmark_client_disk_read_sectors_delta,Benchmark client disk read sectors,10,-100.0,-100.0,0.0,-100.0,-100.0,-100.0,-100.0
6,mtls,benchmark_client_disk_write_sectors_delta,Benchmark client disk write sectors,576,14.115968738324577,9.336539163651112,39.66144352999161,-86.14414500815192,-10.068244094957395,32.38434930338769,287.78195488721803
6,mtls,benchmark_client_memory_used_percent_mean,Benchmark client memory %,576,5.685881446583349,5.732425826057227,11.858394819720964,-20.831362049095823,-3.4909304825039826,13.767734210232199,80.53320219298817
6,mtls,benchmark_client_network_rx_bytes_delta,Benchmark client network RX bytes,576,31.011632959323656,27.37142829564852,17.3892648027845,-4.97058892017995,21.878529617450106,39.05708047282488,107.1480504372754
6,mtls,benchmark_client_network_tx_bytes_delta,Benchmark client network TX bytes,576,3.0990556044950943,0.7177654376796172,5.092906931597765,-20.566594373433677,0.4515182856867601,2.0518466256591936,16.567996052778927
6,mtls,broker_cpu_percent_max_mean,Broker CPU max mean %,575,-8.2321353732796,-9.451678165689676,19.996573427733285,-62.50683326825459,-24.12709253002355,5.2656915000448805,51.67139509066243
6,mtls,broker_cpu_percent_mean,Broker CPU mean %,575,-26.796365992968912,-31.362332102364338,28.262792421072614,-83.64753262644447,-45.73130865423347,-7.224955493609324,43.718876088838435
6,mtls,broker_disk_read_sectors_delta_mean,Broker disk read sectors mean,249,740.8867865064665,-42.062158756824864,12002.790634088899,-100.0,-84.30587337909992,-11.891402714932124,189736.0
6,mtls,broker_disk_read_sectors_delta_total,Broker disk read sectors total,249,740.8867865064665,-42.062158756824864,12002.790634088899,-100.0,-84.30587337909992,-11.891402714932127,189736.0
6,mtls,broker_disk_write_sectors_delta_mean,Broker disk write sectors mean,575,5.026486486002566,0.4887251758667649,29.2259102427226,-80.74083022514836,-2.5080074374344554,5.018643457706718,269.6936449615568
6,mtls,broker_disk_write_sectors_delta_total,Broker disk write sectors total,575,5.026486486002566,0.4887251758667587,29.2259102427226,-80.74083022514836,-2.5080074374344603,5.018643457706712,269.6936449615568
6,mtls,broker_memory_used_percent_mean,Broker memory %,575,-0.7548517203354368,-0.12959609594786634,3.019291274331012,-32.33485081349778,-2.851586787498969,1.0845455555754633,4.28222845435139
6,mtls,broker_network_rx_bytes_delta_mean,Broker network RX bytes mean,575,2.214537647316497,0.6620375926422831,3.3647070172105535,-18.456986148750342,0.6125151687054573,1.533714349111016,11.778357513429622
6,mtls,broker_network_rx_bytes_delta_total,Broker network RX bytes total,575,2.2145376473164977,0.662037592642272,3.3647070172105544,-18.45698614875034,0.6125151687054556,1.5337143491110141,11.778357513429642
6,mtls,broker_network_tx_bytes_delta_mean,Broker network TX bytes mean,575,2.338879823847907,0.833153520777894,3.414629210132004,-18.43520816714529,0.7529833484089018,1.5534935940820866,12.47643829904629
6,mtls,broker_network_tx_bytes_delta_total,Broker network TX bytes total,575,2.338879823847907,0.8331535207778915,3.414629210132004,-18.435208167145294,0.7529833484089032,1.5534935940820895,12.476438299046285
6,mtls,interval_avg_latency_ms_p95,Interval avg latency p95 diagnostic,576,1602.8447433749657,892.6003372138691,2156.816590716801,-25.76927435500321,184.95027138064026,1957.3775449583504,11277.394136807818
6,mtls,interval_avg_latency_ms_p99,Interval avg latency p99 diagnostic,576,1032.5196798370748,389.03257280823027,1327.3495440841832,-48.2841803271124,94.14220499688997,1471.9115813504054,7229.945513984744
6,mtls,interval_max_latency_ms_p95,Interval max latency p95 diagnostic,576,296.80337210187946,199.7785668357875,323.5611572645034,24.389438712079155,94.77382961033175,415.2292909220751,3041.7113402061814
6,mtls,interval_max_latency_ms_p99,Interval max latency p99 diagnostic,576,93.19217045738073,89.28544721416748,25.58167018468062,30.203426607581875,77.69291252291995,102.6725492736321,182.79461176868165
6,mtls,max_latency_ms,Maximum latency ms,576,90.23898547889377,84.61687238412105,27.580795122777232,30.221703617269547,73.418705335239,99.05548090454191,187.4377421140011
6,mtls,producer_avg_latency_ms_max,Producer shard max avg latency ms,576,1126.0080780544708,712.4924225708451,1274.3091240746337,3.57901873293072,282.6868297756406,1452.8781939276373,8594.298139647259
6,mtls,producer_avg_latency_ms_min,Producer shard min avg latency ms,576,1232.2592372097167,699.8113246274569,1316.9541377409698,2.5809177093299236,350.2261195544887,1652.2857459780678,7354.390855868413
6,mtls,producer_throughput_records_per_sec_max,Producer shard max throughput records/s,576,10.764511094609292,2.2933090719844924,13.36173797092571,-10.275968058332149,0.001001414342026827,22.80652415606218,44.640489090025774
6,mtls,producer_throughput_records_per_sec_min,Producer shard min throughput records/s,576,11.359568694739686,2.68224319229408,13.922245039694776,-9.933675126302658,-0.0029863938955426703,25.123153696275192,44.39986165384891
6,mtls,throughput_mb_per_sec,Throughput MB/s,576,11.103995398438476,2.5925412667506,13.654452669237996,-9.989578680958752,0.0,24.288421968206983,44.37290754571207
6,mtls,throughput_records_per_sec,Throughput records/s,576,11.101277101318125,2.6001283389733225,13.65703943776986,-9.978899599456154,-0.005712425742908227,24.325631931990618,44.37986699330844
6,tls,avg_latency_ms,Average latency ms,576,1176.9719612019355,688.446914857085,1279.9902199244339,21.87106324109698,346.8826028448614,1703.4235106661267,6954.148625292784
6,tls,benchmark_client_cpu_percent_mean,Benchmark client CPU %,576,10.415692487876656,1.1618407473991925,191.6708991320611,-25.641304415086914,-0.7360408642341012,5.576432674650265,4603.499892392945
6,tls,benchmark_client_disk_read_sectors_delta,Benchmark client disk read sectors,10,-100.0,-100.0,0.0,-100.0,-100.0,-100.0,-100.0
6,tls,benchmark_client_disk_write_sectors_delta,Benchmark client disk write sectors,576,2.7655413578108132,-3.1119332557324855,61.1486153010441,-88.48422365013906,-19.698599958403413,14.325371145793682,1229.6071984772452
6,tls,benchmark_client_memory_used_percent_mean,Benchmark client memory %,576,10.88379002708508,9.394462456549347,10.723311854756918,-10.362943339704675,4.784056005213819,17.686351056523044,77.37483528514245
6,tls,benchmark_client_network_rx_bytes_delta,Benchmark client network RX bytes,576,26.262069595940186,25.737606360482296,14.418659264051048,-9.97668680148799,16.303219546605956,34.97269298387417,81.83364839319471
6,tls,benchmark_client_network_tx_bytes_delta,Benchmark client network TX bytes,576,2.8315052297459413,0.673342262732425,4.659177814930031,-20.636673150816872,0.4557359485516719,2.0359817241719114,17.273021017601746
6,tls,broker_cpu_percent_max_mean,Broker CPU max mean %,575,-4.034519985897571,-5.876725107034389,19.91387178613003,-68.66848887153456,-16.406402571418308,7.393322709220721,62.31633535004322
6,tls,broker_cpu_percent_mean,Broker CPU mean %,575,-17.187292562518913,-20.46123854867206,26.09902987395361,-83.52359766109423,-34.248189040545405,1.0859745370130873,52.87746360229588
6,tls,broker_disk_read_sectors_delta_mean,Broker disk read sectors mean,249,700.4333331578338,-42.72596450352909,9706.531683783796,-100.0,-84.09090909090908,-14.6634414880307,150500.0
6,tls,broker_disk_read_sectors_delta_total,Broker disk read sectors total,249,700.4333331578338,-42.72596450352909,9706.531683783796,-100.0,-84.0909090909091,-14.663441488030696,150500.0
6,tls,broker_disk_write_sectors_delta_mean,Broker disk write sectors mean,575,4.475816346771079,-0.1545505781922837,35.77922585022745,-81.62053207367174,-3.6379086582965074,3.7568336764336445,588.1744573722527
6,tls,broker_disk_write_sectors_delta_total,Broker disk write sectors total,575,4.4758163467710785,-0.1545505781922761,35.779225850227455,-81.62053207367174,-3.6379086582965128,3.756833676433638,588.1744573722528
6,tls,broker_memory_used_percent_mean,Broker memory %,575,-0.3524488199525937,0.2872292554215471,3.2966267802604614,-24.846077012989454,-1.0970519353633232,1.5623979173580165,4.3798666304156
6,tls,broker_network_rx_bytes_delta_mean,Broker network RX bytes mean,575,1.9887064306561661,0.654107859021258,3.0096519810757822,-18.42776514719073,0.6033348438715316,1.517762954137518,12.555464093584071
6,tls,broker_network_rx_bytes_delta_total,Broker network RX bytes total,575,1.9887064306561661,0.654107859021258,3.009651981075782,-18.427765147190737,0.6033348438715316,1.517762954137519,12.555464093584057
6,tls,broker_network_tx_bytes_delta_mean,Broker network TX bytes mean,575,2.0542242454870605,0.8003952540906412,3.0117930650682947,-18.42865465340211,0.7392578180513103,1.5642037462117853,13.336442684732456
6,tls,broker_network_tx_bytes_delta_total,Broker network TX bytes total,575,2.0542242454870605,0.8003952540906458,3.011793065068294,-18.428654653402106,0.7392578180513103,1.564203746211781,13.336442684732452
6,tls,interval_avg_latency_ms_p95,Interval avg latency p95 diagnostic,576,1596.823854383979,904.7776481266994,2081.6116080556762,28.654637247569205,182.00333434628521,1997.5908318362854,11501.852695520007
6,tls,interval_avg_latency_ms_p99,Interval avg latency p99 diagnostic,576,1007.1590356113443,379.86446339022666,1248.6198989025552,27.01420002890591,83.53759466635844,1493.2331763958919,5397.362876861606
6,tls,interval_max_latency_ms_p95,Interval max latency p95 diagnostic,576,284.4414678136326,177.2737358072819,305.7736677350047,37.81089984476953,85.8770447605128,422.6165174821042,2522.0250521920657
6,tls,interval_max_latency_ms_p99,Interval max latency p99 diagnostic,576,83.43031151427928,82.7437876110826,21.532823938313925,31.90441015450085,68.66408313076701,98.75106969800208,142.61063779967222
6,tls,max_latency_ms,Maximum latency ms,576,79.70176962173612,77.7350709117375,21.569203572217695,29.311171487933514,64.18003800465078,93.24327883926924,146.43995749202975
6,tls,producer_avg_latency_ms_max,Producer shard max avg latency ms,576,1124.2310549961107,647.4942468902802,1287.3351261022322,21.783479364138795,304.64779684299026,1509.2232310945424,8131.988402995893
6,tls,producer_avg_latency_ms_min,Producer shard min avg latency ms,576,1243.315702176152,684.5636304607432,1324.7312756752194,21.01084929203774,380.66735043449387,1768.6741882202498,6494.531036368608
6,tls,producer_throughput_records_per_sec_max,Producer shard max throughput records/s,576,12.356666499048755,8.073851807888076,12.948486734171217,-8.397438548091563,0.006009446168945635,24.765483137016187,44.41856936929444
6,tls,producer_throughput_records_per_sec_min,Producer shard min throughput records/s,576,13.065211653404226,8.050053820227028,13.568382980433828,-8.223426957751922,0.009956398483411906,26.57584613743071,41.54834688043053
6,tls,throughput_mb_per_sec,Throughput MB/s,576,12.770103035897753,8.017198825484456,13.258141152373472,-8.366830430251607,0.0,25.642909750043007,42.1985815602837
6,tls,throughput_records_per_sec,Throughput records/s,576,12.765359943558318,8.017730893282152,13.257726143548744,-8.374642229294938,0.004808194654502331,25.660121186417697,42.16009289360218
12,mtls,avg_latency_ms,Average latency ms,576,1270.9836039435309,1008.9358922717058,1148.999675233215,22.638026687294673,483.04827012636923,1694.0259107324048,6641.204712430371
12,mtls,benchmark_client_cpu_percent_mean,Benchmark client CPU %,576,1.623489482832878,0.5542329896031764,17.41600390778983,-95.7119233944934,-0.2593942395688912,2.2774976108825995,388.3084274577897
12,mtls,benchmark_client_disk_read_sectors_delta,Benchmark client disk read sectors,10,-100.0,-100.0,0.0,-100.0,-100.0,-100.0,-100.0
12,mtls,benchmark_client_disk_write_sectors_delta,Benchmark client disk write sectors,576,20.695408893216328,6.743500933496427,104.69990222065286,-84.30206794682422,-7.465097925734781,29.332557572282177,1531.3777385678577
12,mtls,benchmark_client_memory_used_percent_mean,Benchmark client memory %,576,12.210196728998604,13.048018059872707,17.665457399518566,-76.83337859139063,3.3328579723265817,20.187984481946216,302.51390474285813
12,mtls,benchmark_client_network_rx_bytes_delta,Benchmark client network RX bytes,576,53.025575610927035,30.053061411185006,73.91748081809234,-18.749982783902627,21.992396914557503,52.715290794713624,921.9783832552105
12,mtls,benchmark_client_network_tx_bytes_delta,Benchmark client network TX bytes,576,3.007504487437179,0.8764288291217275,5.882828737119206,0.30267512458118845,0.4633718684282652,2.029850421190579,100.90321716795249
12,mtls,broker_cpu_percent_max_mean,Broker CPU max mean %,575,-9.871011902105323,-10.145046636808157,19.188691663785118,-52.83033805716095,-26.40072889255692,2.5101249850406235,39.118513948865555
12,mtls,broker_cpu_percent_mean,Broker CPU mean %,575,-32.54174785616465,-35.568245098653385,26.49207203481994,-86.07757884822443,-50.63484734853178,-14.96763769134403,35.35232061063587
12,mtls,broker_disk_read_sectors_delta_mean,Broker disk read sectors mean,242,38740.58918079426,-21.21961611609617,601369.173657749,-100.0,-53.665658940229356,3.2832060026087833,9374500.0
12,mtls,broker_disk_read_sectors_delta_total,Broker disk read sectors total,242,38740.58918079426,-21.21961611609617,601369.173657749,-100.0,-53.665658940229356,3.2832060026087806,9374500.0
12,mtls,broker_disk_write_sectors_delta_mean,Broker disk write sectors mean,575,3.030669920071648,-0.09974363924414742,32.57015229137917,-69.5410367589454,-5.680048759358993,4.317747592443677,297.19367826452736
12,mtls,broker_disk_write_sectors_delta_total,Broker disk write sectors total,575,3.0306699200716474,-0.09974363924415512,32.57015229137917,-69.5410367589454,-5.680048759358986,4.317747592443681,297.19367826452736
12,mtls,broker_memory_used_percent_mean,Broker memory %,575,-0.6931879390233106,-0.39847043186992626,2.3675964508638607,-12.43321967883978,-2.782571837071097,1.0248213710908423,4.8151440952339915
12,mtls,broker_network_rx_bytes_delta_mean,Broker network RX bytes mean,575,2.220177444016037,0.6657192752974396,4.983379974193446,-0.9019339325556821,0.6167043018566363,1.4918535376988422,101.64008590671949
12,mtls,broker_network_rx_bytes_delta_total,Broker network RX bytes total,575,2.2201774440160373,0.6657192752974469,4.983379974193446,-0.9019339325556766,0.6167043018566408,1.4918535376988435,101.64008590671949
12,mtls,broker_network_tx_bytes_delta_mean,Broker network TX bytes mean,575,2.3820699045203884,0.8848351184197945,5.018194116865307,-0.4353950053867189,0.7737478232772516,1.5614060210633112,102.0298416613603
12,mtls,broker_network_tx_bytes_delta_total,Broker network TX bytes total,575,2.3820699045203892,0.88483511841978,5.018194116865308,-0.4353950053867189,0.7737478232772561,1.5614060210633125,102.0298416613603
12,mtls,interval_avg_latency_ms_p95,Interval avg latency p95 diagnostic,576,461.68941114972847,104.38016106150863,673.4458994452103,-58.78039603271405,74.35876831624262,637.3570423426903,3620.836316982938
12,mtls,interval_avg_latency_ms_p99,Interval avg latency p99 diagnostic,576,89.5532367289503,87.73016863871749,24.267366934805466,-50.45330895568089,77.12869615011961,98.94658376662605,212.95469210622878
12,mtls,interval_max_latency_ms_p95,Interval max latency p95 diagnostic,576,268.674498414966,134.7179649675723,247.80415797154205,40.8089468779124,93.82980147541292,457.7895785395235,1144.914681534044
12,mtls,interval_max_latency_ms_p99,Interval max latency p99 diagnostic,576,97.02737351158781,92.50833946771066,27.034907835292586,40.09717544316081,81.68368954700263,103.57424630683266,212.95469210622878
12,mtls,max_latency_ms,Maximum latency ms,576,95.42685540285873,87.84266284852981,30.464712191350817,39.39434724091521,77.6922838514331,100.29649327528394,212.52548791144773
12,mtls,producer_avg_latency_ms_max,Producer shard max avg latency ms,576,1163.9239797187413,919.2222894772292,1080.202205224741,23.514533760282667,402.43719433298,1565.9212760740556,6643.9754358720975
12,mtls,producer_avg_latency_ms_min,Producer shard min avg latency ms,576,1445.4978138185559,1105.5063171357167,1310.859173336508,19.67157965058367,551.6961947031638,1993.7647896321405,9135.841546626232
12,mtls,producer_throughput_records_per_sec_max,Producer shard max throughput records/s,576,15.81267594955411,7.929721613444643,17.23359123076278,-1.088339961979712,0.10875621567760171,32.14657591455686,55.70087701314004
12,mtls,producer_throughput_records_per_sec_min,Producer shard min throughput records/s,576,16.11300260307407,9.442728015311598,16.832273409429114,-0.4900615048439281,0.020348553057632023,32.7105405338445,53.615550132760944
12,mtls,throughput_mb_per_sec,Throughput MB/s,576,16.046832932227606,8.954275018062143,16.98375386582084,-1.0944135903299603,0.0,33.67368453719659,53.99673735725937
12,mtls,throughput_records_per_sec,Throughput records/s,576,16.04880094958517,8.951181268819958,16.985366579700596,-1.102612999021374,0.028956712863562106,33.641987466578655,53.97574956233706
12,tls,avg_latency_ms,Average latency ms,576,1245.836357140121,1026.9577854593504,1108.3811587526645,32.25010804347731,394.7811014425257,1760.924734803397,6402.808596490125
12,tls,benchmark_client_cpu_percent_mean,Benchmark client CPU %,576,1.7455848165937944,0.679653611645177,17.277641391752006,-98.5112542775966,-0.21618721707981486,2.479874983962831,386.608782010027
12,tls,benchmark_client_disk_read_sectors_delta,Benchmark client disk read sectors,10,109.49118965697008,-100.0,627.7544743029126,-100.0,-100.0,-100.0,1992.7536231884058
12,tls,benchmark_client_disk_write_sectors_delta,Benchmark client disk write sectors,576,5.411138776764874,-0.3721635817293688,73.58261554308496,-88.03914327917283,-12.670439489442789,12.458562381149651,1393.0702468131271
12,tls,benchmark_client_memory_used_percent_mean,Benchmark client memory %,576,15.85415372851028,15.941519778827658,16.587917618002614,-59.474340705611475,8.18017009803578,22.861178331582842,306.7734046208456
12,tls,benchmark_client_network_rx_bytes_delta,Benchmark client network RX bytes,576,42.64623490907635,28.22835270912192,50.09694379800015,-12.626930735250031,19.316888412998676,42.3168786836509,215.73394457224836
12,tls,benchmark_client_network_tx_bytes_delta,Benchmark client network TX bytes,576,2.570797307804207,0.6293852589209984,3.8524022517393117,0.322947245976395,0.4665769166223307,1.9908476618147108,13.641536396679735
12,tls,broker_cpu_percent_max_mean,Broker CPU max mean %,574,-4.690797588699104,-6.223123839515992,19.70517090819026,-50.82052768918527,-18.26098059722822,8.119500693255162,69.88643454386623
12,tls,broker_cpu_percent_mean,Broker CPU mean %,574,-21.673304946822412,-24.45621560876316,24.270657558668972,-82.41631319683863,-36.41825587878411,-5.98704851852453,44.89505838312006
12,tls,broker_disk_read_sectors_delta_mean,Broker disk read sectors mean,242,103.26037895564967,-30.873859821277954,2016.9713883967345,-100.0,-71.7196013061048,-3.6400531549811426,31380.0
12,tls,broker_disk_read_sectors_delta_total,Broker disk read sectors total,242,103.11931739644719,-31.371066561508457,2016.9796303247163,-100.0,-71.7196013061048,-5.817566117646621,31380.0
12,tls,broker_disk_write_sectors_delta_mean,Broker disk write sectors mean,574,3.2779831913671407,-0.2852053408841764,27.480397816116298,-68.59263896963462,-5.453158417299231,3.389941039093525,202.11509699310227
12,tls,broker_disk_write_sectors_delta_total,Broker disk write sectors total,574,3.217758646485188,-0.30660893779035836,27.517247286753648,-68.59263896963463,-5.473703724342885,3.3350297873181534,202.1150969931022
12,tls,broker_memory_used_percent_mean,Broker memory %,574,-0.3228408899954719,0.11239463846106561,2.9277174165952773,-11.919535871441305,-1.0579582780047432,1.5622148184450124,4.903593074888989
12,tls,broker_network_rx_bytes_delta_mean,Broker network RX bytes mean,574,1.82615308221507,0.639573512905945,2.4570540459159327,-1.0033601375337098,0.5830046179146259,1.4958758613337857,10.32748680692504
12,tls,broker_network_rx_bytes_delta_total,Broker network RX bytes total,574,1.7677198811594295,0.639573512905947,2.8520723006998874,-32.91868518812351,0.5816398202517298,1.4958758613337884,10.327486806925021
12,tls,broker_network_tx_bytes_delta_mean,Broker network TX bytes mean,574,1.9400240183285646,0.8349271411494473,2.5132942573277,-0.14774892882765017,0.7643752650573317,1.5276727216608175,11.466065389651824
12,tls,broker_network_tx_bytes_delta_total,Broker network TX bytes total,574,1.8815978332079375,0.8349271411494473,2.9031157390911564,-32.92673948151973,0.7643752650573339,1.5276727216608215,11.466065389651824
12,tls,interval_avg_latency_ms_p95,Interval avg latency p95 diagnostic,576,460.65036140260213,106.0119713021391,651.628341557454,-69.14593196047119,66.76115902710664,689.5676556856563,3310.1211176400084
12,tls,interval_avg_latency_ms_p99,Interval avg latency p99 diagnostic,576,81.47042090089595,83.53819984814784,19.609176191972523,-66.67768765821154,68.58645072402032,94.26815966809785,131.25946248600223
12,tls,interval_max_latency_ms_p95,Interval max latency p95 diagnostic,576,263.64025946028767,124.4812231364341,253.2936889316103,39.80189269801525,87.32089459896628,463.58516047920295,1084.2709917215745
12,tls,interval_max_latency_ms_p99,Interval max latency p99 diagnostic,576,85.36968833249058,86.33314914625225,20.568167924216564,30.869977686243843,71.14284773156675,97.58192595085197,140.76076414825698
12,tls,max_latency_ms,Maximum latency ms,576,82.62318400027202,81.8957412047765,21.329719678125787,28.01468747392139,69.42774200259433,94.08274361217207,152.4488969844161
12,tls,producer_avg_latency_ms_max,Producer shard max avg latency ms,576,1136.9783930681542,910.5218404254807,1035.496943973001,31.9763103437286,364.6531146806109,1645.5507228464744,6210.322441030081
12,tls,producer_avg_latency_ms_min,Producer shard min avg latency ms,576,1434.4010715693737,1119.1451779769359,1266.1096770672368,27.549943580232224,465.5695424289413,1969.233034414074,8079.169825625473
12,tls,producer_throughput_records_per_sec_max,Producer shard max throughput records/s,576,16.831002922084167,11.862302604240002,16.383836436689112,-0.15992938971075765,0.1349217857625704,31.520008051859186,55.49321335244159
12,tls,producer_throughput_records_per_sec_min,Producer shard min throughput records/s,576,17.12399703793006,13.280703219577457,16.06972380122206,-0.3377579582224983,0.09767792511664332,31.503332826342277,51.10625567875585
12,tls,throughput_mb_per_sec,Throughput MB/s,576,17.02020804652205,12.758094737341366,16.19292969921093,-0.10256410256410037,0.0,32.135071066295126,51.488833746898266
12,tls,throughput_records_per_sec,Throughput records/s,576,17.024776533024124,12.756970994008286,16.176152880997652,-0.13670534496892822,0.07245364789902815,32.104243749648774,51.34667555518689
