throughput_limit_records_per_sec,security_mode,metric,metric_label,count,mean,median,std,min,q25,q75,max
1000,mtls,throughput_records_per_sec,Throughput records/s,864,940.779620537037,999.32376,116.90433842822678,570.603699,997.3199292500001,999.610152,999.790044
1000,plaintext,throughput_records_per_sec,Throughput records/s,864,956.3262682337963,999.303579,94.75802100565737,625.938473,997.2117575,999.610152,999.810036
1000,tls,throughput_records_per_sec,Throughput records/s,864,935.7655782604168,999.350422,126.10997093979921,552.964662,996.979367,999.630137,999.780048
10000,mtls,throughput_records_per_sec,Throughput records/s,864,3772.681510435185,2573.1344645,3054.5457449157766,596.449264,1163.1125255000002,6055.187249250001,9980.03992
10000,plaintext,throughput_records_per_sec,Throughput records/s,864,4740.661989002315,3975.9393695,3523.8416432028184,618.273229,1188.7607667500001,8343.54139725,9976.057462
10000,tls,throughput_records_per_sec,Throughput records/s,864,3737.2611837025465,2633.5432315,3055.363851631093,557.409607,1107.3542077500001,5962.4803785,9979.044008
1000,mtls,throughput_mb_per_sec,Throughput MB/s,864,30.40994212962963,9.76,36.513525828101415,0.96,0.98,70.1025,97.63
1000,plaintext,throughput_mb_per_sec,Throughput MB/s,864,31.930011574074072,9.76,38.41118393178649,0.96,0.98,75.5575,97.63
1000,tls,throughput_mb_per_sec,Throughput MB/s,864,29.92521990740741,9.76,35.98693310242354,0.96,0.98,66.3425,97.63
10000,mtls,throughput_mb_per_sec,Throughput MB/s,864,44.28228009259259,25.125,40.54894690268686,3.01,9.72,72.3075,157.86
10000,plaintext,throughput_mb_per_sec,Throughput MB/s,864,49.6880787037037,38.835,41.39816109613994,4.91,9.71,78.86999999999999,179.72
10000,tls,throughput_mb_per_sec,Throughput MB/s,864,42.85513888888889,25.715,38.97131766071288,3.16,9.72,70.81,158.7
1000,mtls,avg_latency_ms,Average latency ms,864,770.6592430163195,327.64572205,1210.2463863200062,6.04,21.2675,1004.70967225,6997.556410699999
1000,plaintext,avg_latency_ms,Average latency ms,864,132.53289850821758,30.34330405,327.11069348685464,2.34,8.0075,88.61962395,2232.2032404
1000,tls,avg_latency_ms,Average latency ms,864,775.5665938533565,327.99679285,1272.8542516935338,5.52,20.9825,1010.97917575,6978.4113327
10000,mtls,avg_latency_ms,Average latency ms,864,2903.4870390315973,1233.0839905,3230.840732513582,8.42,247.315,5118.344053049999,12418.1422486
10000,plaintext,avg_latency_ms,Average latency ms,864,942.288307267824,107.04322905,1874.7142512269274,2.75,33.2479886,482.14440252500003,9280.0909335
10000,tls,avg_latency_ms,Average latency ms,864,2946.565314295139,1286.55770415,3287.9353158442727,8.84,258.625608075,5124.041076025,12935.0616501
1000,mtls,max_latency_ms,Maximum latency ms,864,9929.883101851852,9241.0,7378.560207464422,1032.0,1421.0,18073.75,23841.0
1000,plaintext,max_latency_ms,Maximum latency ms,864,5187.488425925926,4958.5,3809.2370885290534,506.0,737.0,9651.75,12922.0
1000,tls,max_latency_ms,Maximum latency ms,864,9327.331018518518,8741.5,6953.571842223519,924.0,1332.5,16561.75,25204.0
10000,mtls,max_latency_ms,Maximum latency ms,864,10330.086805555555,9567.0,7612.045526670455,1128.0,1501.75,19043.0,32187.0
10000,plaintext,max_latency_ms,Maximum latency ms,864,5499.46875,5170.5,4041.936432743377,472.0,899.0,9836.25,15492.0
10000,tls,max_latency_ms,Maximum latency ms,864,9762.28587962963,9156.0,7218.433059451483,1032.0,1435.25,17520.25,24947.0
1000,mtls,producer_throughput_records_per_sec_min,Producer shard min throughput records/s,864,409.1303384212963,165.905132,418.56154119370774,46.860941,82.789385,999.560194,999.790044
1000,plaintext,producer_throughput_records_per_sec_min,Producer shard min throughput records/s,864,411.0422061678241,165.8828385,417.4921638218825,51.740194,82.741706,999.51024,999.810036
1000,tls,producer_throughput_records_per_sec_min,Producer shard min throughput records/s,864,408.6624439039352,165.898526,419.352283636702,45.522584,82.759785,999.550202,999.780048
10000,mtls,producer_throughput_records_per_sec_min,Producer shard min throughput records/s,864,2162.5631006828703,461.0955905,3342.4756808433112,49.157121,144.59097875,1532.3463887500002,9980.03992
10000,plaintext,producer_throughput_records_per_sec_min,Producer shard min throughput records/s,864,2345.651913965278,678.004058,3410.1984744718843,50.812735,180.43863149999999,1617.01717425,9976.057462
10000,tls,producer_throughput_records_per_sec_min,Producer shard min throughput records/s,864,2134.0613807569443,485.68738599999995,3321.493028364091,45.687812,144.42183624999998,1444.5736665,9979.044008
1000,mtls,producer_throughput_records_per_sec_max,Producer shard max throughput records/s,864,410.12346338773153,166.935427,417.852467058397,48.559757,83.79732425,999.560194,999.790044
1000,plaintext,producer_throughput_records_per_sec_max,Producer shard max throughput records/s,864,411.9044516157407,166.93960750000002,416.8844814031082,52.616626,83.854869,999.51024,999.810036
1000,tls,producer_throughput_records_per_sec_max,Producer shard max throughput records/s,864,409.624051337963,166.936263,418.6656804042203,46.943834,83.789952,999.550202,999.780048
10000,mtls,producer_throughput_records_per_sec_max,Producer shard max throughput records/s,864,2177.0632873935187,485.7656575,3336.040887934886,50.409239,148.22911399999998,1532.3463887500002,9980.03992
10000,plaintext,producer_throughput_records_per_sec_max,Producer shard max throughput records/s,864,2364.7313512256947,740.3278175,3402.290765611079,52.335732,188.16649425,1658.3418545,9976.057462
10000,tls,producer_throughput_records_per_sec_max,Producer shard max throughput records/s,864,2149.2473573391203,512.4308985,3314.800118358775,47.227984,147.63989600000002,1444.5736665,9979.044008
1000,mtls,producer_avg_latency_ms_min,Producer shard min avg latency ms,864,662.4815046296296,273.385,1057.374452401773,6.04,21.2675,807.35,6545.04
1000,plaintext,producer_avg_latency_ms_min,Producer shard min avg latency ms,864,106.41196759259259,24.725,268.3627800368217,2.34,8.0075,65.345,1792.5
1000,tls,producer_avg_latency_ms_min,Producer shard min avg latency ms,864,672.0900347222223,279.65,1119.2046424387117,5.52,20.9825,827.8100000000001,6390.92
10000,mtls,producer_avg_latency_ms_min,Producer shard min avg latency ms,864,2562.579270833334,980.105,2917.1665985315685,8.42,227.03,4437.1975,11795.72
10000,plaintext,producer_avg_latency_ms_min,Producer shard min avg latency ms,864,860.8641782407408,82.42,1789.534438288847,2.75,30.415,409.27500000000003,9049.27
10000,tls,producer_avg_latency_ms_min,Producer shard min avg latency ms,864,2625.3493865740743,1028.025,2988.606721350031,8.84,240.2325,4503.049999999999,11985.65
1000,mtls,producer_avg_latency_ms_max,Producer shard max avg latency ms,864,889.2943287037037,382.175,1392.0877017455366,6.04,21.2675,1181.36,8099.11
1000,plaintext,producer_avg_latency_ms_max,Producer shard max avg latency ms,864,158.51225694444443,36.43,384.55807423415166,2.34,8.0075,111.09,2781.47
1000,tls,producer_avg_latency_ms_max,Producer shard max avg latency ms,864,888.8035300925926,373.525,1446.42989173485,5.52,20.9825,1207.48,8986.88
10000,mtls,producer_avg_latency_ms_max,Producer shard max avg latency ms,864,3215.3085648148144,1510.7649999999999,3534.5607157412596,8.42,268.69,5743.370000000001,13905.85
10000,plaintext,producer_avg_latency_ms_max,Producer shard max avg latency ms,864,1024.25875,128.64499999999998,1962.3235329951544,2.75,36.1275,652.3299999999999,9582.54
10000,tls,producer_avg_latency_ms_max,Producer shard max avg latency ms,864,3250.818344907407,1565.5349999999999,3579.8737975028685,8.84,273.1175,5448.2075,13959.67
1000,mtls,interval_avg_latency_ms_p95,Interval avg latency p95 diagnostic,864,4804.441550925921,3834.1699999999996,4960.931107321216,8.299999999999908,47.70999999999915,7733.833749999996,19189.3
1000,plaintext,interval_avg_latency_ms_p95,Interval avg latency p95 diagnostic,864,1633.1939409722113,258.07500000000005,2558.0556045577323,4.379999999999996,17.36999999999978,1897.21875,9314.659999999998
1000,tls,interval_avg_latency_ms_p95,Interval avg latency p95 diagnostic,864,4995.212505787031,3753.4074999999984,5241.595185618461,7.389999999999932,53.08249999999935,8542.035,18530.95
10000,mtls,interval_avg_latency_ms_p95,Interval avg latency p95 diagnostic,864,7923.067719907407,8404.925,6755.736085124041,53.825,538.3499999999999,12222.44125,31667.5
10000,plaintext,interval_avg_latency_ms_p95,Interval avg latency p95 diagnostic,864,3179.9493518518516,727.5874999999996,3993.315728372034,4.01,117.80875,5356.835,12560.27
10000,tls,interval_avg_latency_ms_p95,Interval avg latency p95 diagnostic,864,7713.301267361111,7860.4475,6458.782332424357,62.27499999999999,550.625,13074.5075,20172.654999999995
1000,mtls,interval_avg_latency_ms_p99,Interval avg latency p99 diagnostic,864,8637.233305555555,8454.179000000004,7217.642787694622,39.26000000000001,297.5255000000001,16582.489999999998,21146.95
1000,plaintext,interval_avg_latency_ms_p99,Interval avg latency p99 diagnostic,864,3637.771087962962,759.7749999999987,4166.135708815493,5.676,66.70900000000002,9070.25,11166.539999999995
1000,tls,interval_avg_latency_ms_p99,Interval avg latency p99 diagnostic,864,8386.203222222222,8223.775000000001,6913.264640723881,30.35800000000001,292.53700000000003,15627.824999999999,20651.47
10000,mtls,interval_avg_latency_ms_p99,Interval avg latency p99 diagnostic,864,9257.107366898146,9067.545,7508.6227747985495,135.11900000000009,556.934,17841.987500000003,32155.5
10000,plaintext,interval_avg_latency_ms_p99,Interval avg latency p99 diagnostic,864,4433.175072916666,3878.8949999999877,4313.006596831814,4.082,171.2845,9382.790000000003,13154.794999999998
10000,tls,interval_avg_latency_ms_p99,Interval avg latency p99 diagnostic,864,8887.518614583334,8687.240000000002,7106.512157461698,158.61900000000009,572.71775,16336.130000000001,21524.352000000003
1000,mtls,interval_max_latency_ms_p95,Interval max latency p95 diagnostic,864,7589.6081597222155,6757.324999999999,6562.658284347301,127.59999999999778,374.5999999999985,14927.675,20431.5
1000,plaintext,interval_max_latency_ms_p95,Interval max latency p95 diagnostic,864,2559.3377314814684,1432.5,2759.1812690894917,80.99999999999872,301.9249999999988,4193.6625,10166.4
1000,tls,interval_max_latency_ms_p95,Interval max latency p95 diagnostic,864,7379.558854166661,6729.774999999992,6404.363493127201,111.099999999998,359.0249999999978,14262.699999999997,19875.6
10000,mtls,interval_max_latency_ms_p95,Interval max latency p95 diagnostic,864,9139.188657407407,8977.724999999999,6841.362248083839,541.5,1407.9874999999997,15233.0625,31667.5
10000,plaintext,interval_max_latency_ms_p95,Interval max latency p95 diagnostic,864,4099.899074074073,2523.7999999999997,3769.614988045226,239.5,784.5625,5897.1625,14061.25
10000,tls,interval_max_latency_ms_p95,Interval max latency p95 diagnostic,864,8804.923032407407,8396.874999999998,6585.0301775908365,415.75,1333.8749999999995,15300.725000000002,22227.049999999996
1000,mtls,interval_max_latency_ms_p99,Interval max latency p99 diagnostic,864,9489.690694444444,8907.96,7110.773812307059,851.6400000000003,1211.7250000000004,17473.815000000002,21403.879999999997
1000,plaintext,interval_max_latency_ms_p99,Interval max latency p99 diagnostic,864,4867.577337962964,4676.3499999999985,3597.861666777631,428.4400000000001,638.9600000000002,9108.172499999997,11447.12
1000,tls,interval_max_latency_ms_p99,Interval max latency p99 diagnostic,864,8984.188888888888,8510.56,6764.463081438956,762.9000000000002,1145.9750000000004,16158.514999999996,21695.62
10000,mtls,interval_max_latency_ms_p99,Interval max latency p99 diagnostic,864,10097.69699074074,9390.009999999998,7429.079373198181,1075.4999999999995,1472.4524999999999,18549.8175,32155.5
10000,plaintext,interval_max_latency_ms_p99,Interval max latency p99 diagnostic,864,5350.596874999999,4999.920000000001,3930.407505862612,471.16,894.905,9533.0175,15122.85
10000,tls,interval_max_latency_ms_p99,Interval max latency p99 diagnostic,864,9557.384814814815,9008.16,7054.309660625067,957.5499999999996,1401.0475,17136.3575,23625.090000000004
1000,mtls,benchmark_client_cpu_percent_mean,Benchmark client CPU %,864,70.10108529103393,80.82145593317972,29.3629030089672,12.01436507936508,55.04077981651378,94.72296092796093,97.38142076502731
1000,plaintext,benchmark_client_cpu_percent_mean,Benchmark client CPU %,863,73.7492655680637,82.00610619469028,24.82706407629166,16.004727272727273,60.88388888888889,94.68408856469202,96.81370786516854
1000,tls,benchmark_client_cpu_percent_mean,Benchmark client CPU %,864,72.27704935199424,85.98369409937888,28.111423440675193,1.408793975693435,59.10264779202279,94.78319010416668,97.0655617977528
10000,mtls,benchmark_client_cpu_percent_mean,Benchmark client CPU %,864,81.4194835328061,85.97912954545455,14.115860613340775,4.120404290873807,74.7448018292683,92.45035898169337,97.394043715847
10000,plaintext,benchmark_client_cpu_percent_mean,Benchmark client CPU %,864,80.17194930351252,82.78613922010958,14.013132689786497,1.892249735769289,73.92307692307692,90.56352650625979,97.02861111111112
10000,tls,benchmark_client_cpu_percent_mean,Benchmark client CPU %,864,82.53081090389809,86.79932222222223,12.84673152011275,42.238076923076925,75.83345588235294,92.83735481852317,97.2155
1000,mtls,broker_cpu_percent_mean,Broker CPU mean %,864,22.665486922957623,18.399987322131643,12.644280369180628,4.620043245014176,13.286623044151623,30.420583506530296,57.77664313795333
1000,plaintext,broker_cpu_percent_mean,Broker CPU mean %,863,29.44872202179468,28.55486307885461,8.418186134915526,8.56043141109655,22.974667741506696,35.07267613296521,50.997352195312374
1000,tls,broker_cpu_percent_mean,Broker CPU mean %,863,25.217192005611075,21.473529131292132,12.456251453017437,6.105952992968557,15.509334120043356,33.5830176821209,59.026792558078526
10000,mtls,broker_cpu_percent_mean,Broker CPU mean %,864,22.026883199976332,19.597580588978474,15.223705113126094,3.2207672442534174,8.004274431175363,34.001218610303894,58.35175110594206
10000,plaintext,broker_cpu_percent_mean,Broker CPU mean %,863,27.962697905555938,25.678760543310432,10.869029163752826,8.895138334687491,19.068993245178607,36.11996071065767,56.61478827598951
10000,tls,broker_cpu_percent_mean,Broker CPU mean %,864,24.697533319511972,22.17391891713074,15.105492649497533,3.2852559333624813,11.239950721701904,36.11530906396387,59.82172628523237
1000,mtls,broker_cpu_percent_max_mean,Broker CPU max mean %,864,47.49816743827161,42.083,19.986238157788602,18.206,29.88,65.62299999999999,95.518
1000,plaintext,broker_cpu_percent_max_mean,Broker CPU max mean %,863,52.00255465430668,49.946000000000005,13.109103347318992,24.38,41.236333333333334,60.51833333333333,88.70599999999999
1000,tls,broker_cpu_percent_max_mean,Broker CPU max mean %,863,49.81877211278486,43.644,18.957535457373318,18.44333333333333,33.502,65.208,95.032
10000,mtls,broker_cpu_percent_max_mean,Broker CPU max mean %,864,53.3607299382716,53.0,22.490575489682513,10.088,31.725499999999997,73.056,97.168
10000,plaintext,broker_cpu_percent_max_mean,Broker CPU max mean %,863,55.042561606797996,54.42999999999999,17.966855989969968,18.358,40.69,67.19,95.458
10000,tls,broker_cpu_percent_max_mean,Broker CPU max mean %,864,55.039374228395054,56.676,21.434220932432407,11.28,34.8245,73.4835,97.842
1000,mtls,benchmark_client_memory_used_percent_mean,Benchmark client memory %,864,20.241275137922813,19.417664036544856,9.815288586946629,7.909454545454546,11.054710278460286,26.029260633861547,49.43087431693994
1000,plaintext,benchmark_client_memory_used_percent_mean,Benchmark client memory %,863,19.296021883035078,18.6917094017094,7.457399553218342,9.407138537138536,11.366105919003115,24.044108527131783,39.27390804597701
1000,tls,benchmark_client_memory_used_percent_mean,Benchmark client memory %,864,21.054112805935887,20.205481693363843,9.717518760597057,8.407913931186195,11.477274774774775,27.388878253325622,49.75276381909547
10000,mtls,benchmark_client_memory_used_percent_mean,Benchmark client memory %,864,17.80111873946465,14.252910526315787,9.62991125521068,7.583043478260869,10.74611801242236,22.107744654605263,49.64408602150537
10000,plaintext,benchmark_client_memory_used_percent_mean,Benchmark client memory %,864,16.424064740533638,13.668906432748539,7.175149964588693,8.925108401084012,11.368491508491507,20.13242806905371,39.01141242937853
10000,tls,benchmark_client_memory_used_percent_mean,Benchmark client memory %,864,18.691937955603894,15.520918048546022,9.654462421634708,9.18925925925926,11.639205946035975,22.35486308116627,50.044405940594054
1000,mtls,broker_memory_used_percent_mean,Broker memory %,864,23.03252962611272,23.32236111669118,1.258559918643095,12.408526294990724,22.979936195849643,23.578424681944796,24.268370821679916
1000,plaintext,broker_memory_used_percent_mean,Broker memory %,863,23.297512299955493,23.34393403949871,0.9011928754882383,12.832862211760968,23.04736405950095,23.86401774603748,24.148494847407584
1000,tls,broker_memory_used_percent_mean,Broker memory %,863,23.1261748713749,23.562549205041776,1.3447847014862921,12.689896058735837,23.115042184692836,23.851122171661714,24.349970032505254
10000,mtls,broker_memory_used_percent_mean,Broker memory %,864,23.399267838671083,23.50573547915772,0.46687591996672734,22.27150838069976,23.093574923320993,23.740798537643556,24.93820518145855
10000,plaintext,broker_memory_used_percent_mean,Broker memory %,863,23.522555487667955,23.483090889510994,0.4020862958600236,22.91751965811966,23.151103984745045,23.9250392980547,24.83018833071431
10000,tls,broker_memory_used_percent_mean,Broker memory %,864,23.496420674876795,23.702441409817606,0.7587407562400482,21.131763398322107,23.334646462881743,23.89385776151483,25.11084886931466
1000,mtls,benchmark_client_network_rx_bytes_delta,Benchmark client network RX bytes,864,26099774.238425925,25075191.0,12138591.603232797,4922655.0,20029097.75,38362970.25,43315982.0
1000,plaintext,benchmark_client_network_rx_bytes_delta,Benchmark client network RX bytes,863,21250265.997682504,23682127.0,9939771.378211018,3480473.0,15342724.0,30708865.0,37888000.0
1000,tls,benchmark_client_network_rx_bytes_delta,Benchmark client network RX bytes,864,25634320.03125,25807727.5,12180454.820150878,4749934.0,18773393.0,37998611.0,59602216.0
10000,mtls,benchmark_client_network_rx_bytes_delta,Benchmark client network RX bytes,864,18607691.19560185,16996643.0,16977574.572512664,645808.0,2244575.25,37726787.25,85183486.0
10000,plaintext,benchmark_client_network_rx_bytes_delta,Benchmark client network RX bytes,864,14829149.8125,8881925.0,13693927.375713242,325067.0,1720348.25,30300549.5,34729906.0
10000,tls,benchmark_client_network_rx_bytes_delta,Benchmark client network RX bytes,864,18342579.577546295,11351568.5,16776954.316412011,589965.0,2130158.25,37506869.0,42718538.0
1000,mtls,benchmark_client_network_tx_bytes_delta,Benchmark client network TX bytes,864,3870204516.8819447,1077644606.5,4636889748.942707,111903543.0,143486134.75,10396632776.75,10446080526.0
1000,plaintext,benchmark_client_network_tx_bytes_delta,Benchmark client network TX bytes,863,3847801669.655852,1061981328.0,4621478651.474031,108105053.0,126425136.5,10350601569.0,10380664469.0
1000,tls,benchmark_client_network_tx_bytes_delta,Benchmark client network TX bytes,864,3869779322.361111,1077005242.5,4637383644.389109,111680797.0,141310506.75,10397293205.25,10440344176.0
10000,mtls,benchmark_client_network_tx_bytes_delta,Benchmark client network TX bytes,864,3869075006.201389,1055985118.0,4676343986.272621,104877612.0,107531352.25,10397317696.25,20803907662.0
10000,plaintext,benchmark_client_network_tx_bytes_delta,Benchmark client network TX bytes,864,3836646209.9409723,1044495164.5,4626277639.602467,104343590.0,106100507.25,10351370422.5,10388416306.0
10000,tls,benchmark_client_network_tx_bytes_delta,Benchmark client network TX bytes,864,3857297590.1238427,1056134725.0,4646580922.519163,104768322.0,107477118.75,10397837666.5,10439405245.0
1000,mtls,broker_network_rx_bytes_delta_mean,Broker network RX bytes mean,864,3487009508.276697,1068174003.2,4304048810.750935,68203244.8,146164761.4,7285375230.1,10419732186.0
1000,plaintext,broker_network_rx_bytes_delta_mean,Broker network RX bytes mean,863,3464602192.1358824,1061643455.0,4281541862.4738064,66504317.4,135333803.63333333,8272702116.1,10359020931.4
1000,tls,broker_network_rx_bytes_delta_mean,Broker network RX bytes mean,863,3489468389.5974116,1066957644.6666666,4305802342.5643015,67838868.4,145744169.4,8322682137.933332,10419640017.0
10000,mtls,broker_network_rx_bytes_delta_mean,Broker network RX bytes mean,864,3456021932.3309417,1041551408.7,4304771833.977137,63100372.8,107683972.41666666,6852977268.983334,20865416273.0
10000,plaintext,broker_network_rx_bytes_delta_mean,Broker network RX bytes mean,863,3418921052.1219773,1035778069.8,4239813374.464384,62721307.8,106611844.46666665,6982106664.5,10356977201.8
10000,tls,broker_network_rx_bytes_delta_mean,Broker network RX bytes mean,864,3449420542.441821,1041490228.0,4277753223.1014524,63015116.4,107654939.95,6832817161.1,10424855738.0
1000,mtls,broker_network_tx_bytes_delta_mean,Broker network TX bytes mean,864,2601265649.6884255,793814546.6,3258699536.11207,47467379.0,124741504.45,4887597965.133333,8373920866.6
1000,plaintext,broker_network_tx_bytes_delta_mean,Broker network TX bytes mean,863,2581252005.296756,834462329.6,3236728736.2645235,46161795.2,115229038.1,5537455804.466666,8316650711.2
1000,tls,broker_network_tx_bytes_delta_mean,Broker network TX bytes mean,863,2602936736.499073,840656340.0,3259875718.1418266,47138916.6,122824130.9,5580193640.55,8371194840.4
10000,mtls,broker_network_tx_bytes_delta_mean,Broker network TX bytes mean,864,2567651732.772531,783540701.6,3256561412.452953,42488890.4,86552330.25,4453878714.616667,16778933534.6
10000,plaintext,broker_network_tx_bytes_delta_mean,Broker network TX bytes mean,863,2534153959.6180763,830804367.8,3200134994.294326,42081991.0,85316751.5,4242603567.7333336,8314912632.0
10000,tls,broker_network_tx_bytes_delta_mean,Broker network TX bytes mean,864,2563277031.9273143,783523528.5,3233861263.3076787,42380876.4,86494259.25,4432228117.4,8372580494.8
1000,mtls,broker_network_rx_bytes_delta_total,Broker network RX bytes total,864,15499046917.097221,4254593706.5,19517151367.532795,339232253.0,720444063.75,31226754161.0,52098660930.0
1000,plaintext,broker_network_rx_bytes_delta_total,Broker network RX bytes total,863,15397212826.626883,3231003687.0,19414260974.525326,330644674.0,666419022.0,31036833540.5,51795104657.0
1000,tls,broker_network_rx_bytes_delta_total,Broker network RX bytes total,863,15499278697.636152,5225313077.0,19517678317.103798,339194342.0,711109251.5,31224624045.5,52098200085.0
10000,mtls,broker_network_rx_bytes_delta_total,Broker network RX bytes total,864,15375099222.83449,4241248772.5,19573566156.679237,314611641.0,535660285.0,31226255870.25,104327081365.0
10000,plaintext,broker_network_rx_bytes_delta_total,Broker network RX bytes total,863,15217878254.200464,5175854797.0,19275194034.677708,313046022.0,531997211.0,31037232536.5,51784886009.0
10000,tls,broker_network_rx_bytes_delta_total,Broker network RX bytes total,864,15340937647.731482,4240975989.0,19418303821.100716,314480664.0,535142020.25,31224040580.0,52097499977.0
1000,mtls,broker_network_tx_bytes_delta_total,Broker network TX bytes total,864,11704765472.80324,3226478588.0,15230694708.997515,235643040.0,623707522.25,20951886920.75,41869604333.0
1000,plaintext,broker_network_tx_bytes_delta_total,Broker network TX bytes total,863,11612551934.644264,2214783725.0,15128980796.56818,228638648.0,576145190.5,20780850023.0,41583253556.0
1000,tls,broker_network_tx_bytes_delta_total,Broker network TX bytes total,863,11705109640.50985,4203281700.0,15232840434.901274,235694583.0,614120654.5,20948422698.5,41855974202.0
10000,mtls,broker_network_tx_bytes_delta_total,Broker network TX bytes total,864,11567682680.090279,3213450987.0,15257539036.698816,211416566.0,432761651.25,20948152273.25,83894667673.0
10000,plaintext,broker_network_tx_bytes_delta_total,Broker network TX bytes total,863,11426897819.494785,4154021839.0,15000153139.971647,209739340.0,426583757.5,20779657439.0,41574563160.0
10000,tls,broker_network_tx_bytes_delta_total,Broker network TX bytes total,864,11544900867.159721,3213405417.0,15132743309.719454,211299260.0,432471296.25,20944237441.0,41862902474.0
1000,mtls,benchmark_client_disk_read_sectors_delta,Benchmark client disk read sectors,864,2.7314814814814814,0.0,42.611315329399396,0.0,0.0,0.0,904.0
1000,plaintext,benchmark_client_disk_read_sectors_delta,Benchmark client disk read sectors,863,196.10776361529548,0.0,3694.301039481017,0.0,0.0,0.0,102536.0
1000,tls,benchmark_client_disk_read_sectors_delta,Benchmark client disk read sectors,864,244.60185185185185,0.0,4470.816754530336,0.0,0.0,0.0,110904.0
10000,mtls,benchmark_client_disk_read_sectors_delta,Benchmark client disk read sectors,864,290.8425925925926,0.0,8384.419332863607,0.0,0.0,0.0,246584.0
10000,plaintext,benchmark_client_disk_read_sectors_delta,Benchmark client disk read sectors,864,16.37037037037037,0.0,288.3714359086402,0.0,0.0,0.0,7872.0
10000,tls,benchmark_client_disk_read_sectors_delta,Benchmark client disk read sectors,864,7.5092592592592595,0.0,97.73348068906301,0.0,0.0,0.0,2240.0
1000,mtls,benchmark_client_disk_write_sectors_delta,Benchmark client disk write sectors,864,49456.82407407407,49836.0,15797.264005568897,14416.0,37620.0,59572.0,114808.0
1000,plaintext,benchmark_client_disk_write_sectors_delta,Benchmark client disk write sectors,863,46887.81460023175,44576.0,30661.748050824743,15800.0,33592.0,55960.0,462888.0
1000,tls,benchmark_client_disk_write_sectors_delta,Benchmark client disk write sectors,864,48077.72222222222,42176.0,83507.5841062126,12416.0,32370.0,53286.0,2127912.0
10000,mtls,benchmark_client_disk_write_sectors_delta,Benchmark client disk write sectors,864,49249.40740740741,44460.0,48570.30788246027,6152.0,32038.0,58322.0,887600.0
10000,plaintext,benchmark_client_disk_write_sectors_delta,Benchmark client disk write sectors,864,41638.81481481482,41996.0,15142.431002629999,6176.0,31084.0,51968.0,171880.0
10000,tls,benchmark_client_disk_write_sectors_delta,Benchmark client disk write sectors,864,40878.555555555555,40516.0,15330.419930547028,6208.0,29764.0,52886.0,210456.0
1000,mtls,broker_disk_read_sectors_delta_mean,Broker disk read sectors mean,864,5362.441358024691,0.0,12058.158867587745,0.0,0.0,9637.066666666668,149993.6
1000,plaintext,broker_disk_read_sectors_delta_mean,Broker disk read sectors mean,863,6804.717806102742,0.0,12643.53290512863,0.0,0.0,12870.400000000001,158881.6
1000,tls,broker_disk_read_sectors_delta_mean,Broker disk read sectors mean,863,5433.469602162996,0.0,13430.540841430395,0.0,0.0,8304.0,192798.4
10000,mtls,broker_disk_read_sectors_delta_mean,Broker disk read sectors mean,864,7657.741820987655,0.0,28950.287604471658,0.0,0.0,7678.0,310771.2
10000,plaintext,broker_disk_read_sectors_delta_mean,Broker disk read sectors mean,863,9412.348242564696,0.0,30809.920936747392,0.0,0.0,12201.333333333332,394941.3333333333
10000,tls,broker_disk_read_sectors_delta_mean,Broker disk read sectors mean,864,9043.109876543209,0.0,38969.19494804677,0.0,0.0,8043.333333333334,449915.2
1000,mtls,broker_disk_write_sectors_delta_mean,Broker disk write sectors mean,864,6541473.99691358,1819884.0,8143381.25785836,156526.4,266279.4666666667,13802411.2,20312669.333333332
1000,plaintext,broker_disk_write_sectors_delta_mean,Broker disk write sectors mean,863,6555007.738586326,1900272.0,8135353.623953536,156444.8,273636.0,15730812.0,20611715.2
1000,tls,broker_disk_write_sectors_delta_mean,Broker disk write sectors mean,863,6514866.402780997,1834846.4,8091476.669572826,158036.8,268276.8,15530343.2,20574584.0
10000,mtls,broker_disk_write_sectors_delta_mean,Broker disk write sectors mean,864,6385986.735185184,1594588.8,8210584.429092082,15073.6,155307.6,13094371.733333332,41124512.0
10000,plaintext,broker_disk_write_sectors_delta_mean,Broker disk write sectors mean,863,6287741.590421012,1425484.8,8099536.723629366,16656.0,141227.2,13161949.6,20373170.666666668
10000,tls,broker_disk_write_sectors_delta_mean,Broker disk write sectors mean,864,6330003.790123457,1537315.2,8120166.176998216,17988.8,161626.8,12998645.733333332,20295749.333333332
1000,mtls,broker_disk_read_sectors_delta_total,Broker disk read sectors total,864,24067.194444444445,0.0,57820.400616903615,0.0,0.0,43794.0,749968.0
1000,plaintext,broker_disk_read_sectors_delta_total,Broker disk read sectors total,863,30138.771726535342,0.0,58646.11442951886,0.0,0.0,63272.0,794408.0
1000,tls,broker_disk_read_sectors_delta_total,Broker disk read sectors total,863,24503.63847045191,0.0,65424.37661528383,0.0,0.0,41472.0,963992.0
10000,mtls,broker_disk_read_sectors_delta_total,Broker disk read sectors total,864,34224.493055555555,0.0,133325.43483014824,0.0,0.0,32500.0,1553856.0
10000,plaintext,broker_disk_read_sectors_delta_total,Broker disk read sectors total,863,43019.25376593279,0.0,143568.87968651834,0.0,0.0,56224.0,1437752.0
10000,tls,broker_disk_read_sectors_delta_total,Broker disk read sectors total,864,41592.59259259259,0.0,189680.05139674296,0.0,0.0,24448.0,2249576.0
1000,mtls,broker_disk_write_sectors_delta_total,Broker disk write sectors total,864,29024515.287037037,6719972.0,36715735.53496475,724640.0,1289938.0,59381880.0,101007328.0
1000,plaintext,broker_disk_write_sectors_delta_total,Broker disk write sectors total,863,29062091.661645424,7888144.0,36626813.55331804,752328.0,1328040.0,59571304.0,103058576.0
1000,tls,broker_disk_write_sectors_delta_total,Broker disk write sectors total,863,28888427.707995366,7539928.0,36467332.7676652,731400.0,1315404.0,58510488.0,100276416.0
10000,mtls,broker_disk_write_sectors_delta_total,Broker disk write sectors total,864,28327160.73148148,6248548.0,37199500.10328843,75368.0,702594.0,59137412.0,205622560.0
10000,plaintext,broker_disk_write_sectors_delta_total,Broker disk write sectors total,863,27869139.086906143,5968104.0,36622219.72626188,83280.0,625536.0,57784736.0,101642608.0
10000,tls,broker_disk_write_sectors_delta_total,Broker disk write sectors total,864,28042475.51851852,6219940.0,36646059.08362026,89944.0,729032.0,58367346.0,100598496.0
