min_insync_replicas,security_mode,metric,metric_label,count,mean,median,std,min,q25,q75,max
3,mtls,throughput_records_per_sec,Throughput records/s,1296,2384.2836856026233,999.636565,2603.266462572651,597.877607,997.6784235,2705.6412422500002,9980.03992
3,plaintext,throughput_records_per_sec,Throughput records/s,1296,2881.3843118665127,999.660116,3153.0165344300403,619.749562,997.7898735,4015.908726,9976.057462
3,tls,throughput_records_per_sec,Throughput records/s,1296,2360.9757268495373,999.6536880000001,2596.0256983348863,552.964662,997.3253365,2623.37269475,9979.044008
4,mtls,throughput_records_per_sec,Throughput records/s,432,2274.071205136574,999.60016,2523.371169617562,570.603699,997.25634825,2299.1022345,9977.052779
4,plaintext,throughput_records_per_sec,Throughput records/s,432,2749.823578872685,999.530221,3055.5775061840623,618.273229,997.1458142500001,3351.1881067500003,9970.089731
4,tls,throughput_records_per_sec,Throughput records/s,432,2263.1263433773147,999.590168,2515.045218863987,557.409607,997.100317,2469.4817209999997,9975.062344
3,mtls,throughput_mb_per_sec,Throughput MB/s,1296,37.7812037037037,11.650000000000002,39.585543146135485,0.96,6.260000000000001,72.24249999999999,157.86
3,plaintext,throughput_mb_per_sec,Throughput MB/s,1296,41.45608024691358,13.695,41.51357400616291,0.96,9.49,78.14,179.72
3,tls,throughput_mb_per_sec,Throughput MB/s,1296,36.8639737654321,11.220000000000002,38.57944227275029,0.96,6.3375,70.9375,158.7
4,mtls,throughput_mb_per_sec,Throughput MB/s,432,36.04083333333333,11.475,38.00044396975051,0.96,6.1125,69.67,152.75
4,plaintext,throughput_mb_per_sec,Throughput MB/s,432,38.86793981481481,13.379999999999999,38.96983706765671,0.96,9.34,73.055,152.17
4,tls,throughput_mb_per_sec,Throughput MB/s,432,34.9687962962963,11.35,36.42821491741829,0.96,6.065,66.0325,142.65
3,mtls,avg_latency_ms,Average latency ms,1296,1783.791990024614,458.79841969999995,2582.433455411925,6.28,151.00948137499998,2208.341663875,12095.211133399998
3,plaintext,avg_latency_ms,Average latency ms,1296,514.6989965277006,51.291694500000006,1351.7454015268827,2.34,15.580004825,152.77329014999998,8958.9539946
3,tls,avg_latency_ms,Average latency ms,1296,1811.694805617978,450.91447044999995,2662.7833375850732,5.52,124.645036075,2429.9716034,12935.0616501
4,mtls,avg_latency_ms,Average latency ms,432,1996.916594021991,555.5539348,2883.4105654381506,6.04,182.34886649999999,2609.036921075,12418.1422486
4,plaintext,avg_latency_ms,Average latency ms,432,605.5454219689815,72.0454737,1552.7321033263288,4.11,19.764164775,184.056725075,9280.0909335
4,tls,avg_latency_ms,Average latency ms,432,2009.1793994430554,540.53613625,2876.472351033402,6.75,161.40891117500001,2529.8851850250003,12619.2236373
3,mtls,max_latency_ms,Maximum latency ms,1296,10006.768518518518,9328.5,7397.530747131075,1052.0,1426.0,18427.75,26997.0
3,plaintext,max_latency_ms,Maximum latency ms,1296,5223.081018518518,4965.5,3831.727637184776,472.0,753.75,9453.5,14860.0
3,tls,max_latency_ms,Maximum latency ms,1296,9355.231481481482,8691.0,6949.634929491364,924.0,1362.75,16644.5,24947.0
4,mtls,max_latency_ms,Maximum latency ms,432,10499.63425925926,9957.0,7783.339111973373,1032.0,1519.5,19547.75,32187.0
4,plaintext,max_latency_ms,Maximum latency ms,432,5704.6712962962965,5242.5,4191.902839415773,560.0,831.25,10324.0,15492.0
4,tls,max_latency_ms,Maximum latency ms,432,10113.539351851852,9535.5,7468.702032440266,1063.0,1423.5,18722.25,25204.0
3,mtls,producer_throughput_records_per_sec_min,Producer shard min throughput records/s,1296,1299.4667242430558,237.84504850000002,2554.9849094588535,49.253484,123.49859599999999,999.720078,9980.03992
3,plaintext,producer_throughput_records_per_sec_min,Producer shard min throughput records/s,1296,1392.2025304830247,395.1652775,2634.200532936904,51.244365,125.99734675,999.740068,9976.057462
3,tls,producer_throughput_records_per_sec_min,Producer shard min throughput records/s,1296,1281.2251276311729,233.33252900000002,2531.4760234665946,45.522584,119.7027185,999.720078,9979.044008
4,mtls,producer_throughput_records_per_sec_min,Producer shard min throughput records/s,432,1244.9867054791669,213.545385,2486.5903595772024,46.860941,117.111468,999.680102,9977.052779
4,plaintext,producer_throughput_records_per_sec_min,Producer shard min throughput records/s,432,1336.7806488171295,346.1777995,2555.558720493326,50.812735,120.68050925,999.690096,9970.089731
4,tls,producer_throughput_records_per_sec_min,Producer shard min throughput records/s,432,1241.7722664282408,225.62886550000002,2483.3578222775495,45.687812,111.48610225,999.670109,9975.062344
3,mtls,producer_throughput_records_per_sec_max,Producer shard max throughput records/s,1296,1307.26624975,263.660504,2553.0112784803264,50.869804,125.89795475,999.730073,9980.03992
3,plaintext,producer_throughput_records_per_sec_max,Producer shard max throughput records/s,1296,1401.858808527006,410.45676100000003,2632.4385763839005,52.335732,127.83866,999.740068,9976.057462
3,tls,producer_throughput_records_per_sec_max,Producer shard max throughput records/s,1296,1289.4172063387346,258.1879635,2529.4450388431646,46.943834,122.908715,999.730073,9979.044008
4,mtls,producer_throughput_records_per_sec_max,Producer shard max throughput records/s,432,1252.5747523125,232.8695355,2484.70766650641,48.559757,119.44515125,999.6826005,9977.052779
4,plaintext,producer_throughput_records_per_sec_max,Producer shard max throughput records/s,432,1347.6951801018517,369.505863,2553.6022203446487,52.559219,122.0905075,999.690096,9970.089731
4,tls,producer_throughput_records_per_sec_max,Producer shard max throughput records/s,432,1249.491198337963,246.567337,2481.366281275437,47.351972,113.58376475,999.670109,9975.062344
3,mtls,producer_avg_latency_ms_min,Producer shard min avg latency ms,1296,1561.1750462962962,409.53,2314.2543755557,6.28,129.3025,1832.5774999999999,11547.94
3,plaintext,producer_avg_latency_ms_min,Producer shard min avg latency ms,1296,464.1618904320988,42.97,1285.8671416909501,2.34,13.495,124.5,8699.74
3,tls,producer_avg_latency_ms_min,Producer shard min avg latency ms,1296,1606.146651234568,402.61,2408.378964234519,5.52,118.3625,1982.8425,11981.39
4,mtls,producer_avg_latency_ms_min,Producer shard min avg latency ms,432,1766.5964120370368,485.01,2601.3854993117584,6.04,171.915,2204.24,11795.72
4,plaintext,producer_avg_latency_ms_min,Producer shard min avg latency ms,432,542.0666203703704,59.915,1467.3743676247684,4.11,17.2275,143.10250000000002,9049.27
4,tls,producer_avg_latency_ms_min,Producer shard min avg latency ms,432,1776.4388888888889,478.40999999999997,2600.265974463116,6.75,142.1825,1999.9225,11985.65
3,mtls,producer_avg_latency_ms_max,Producer shard max avg latency ms,1296,1993.3005324074077,514.165,2838.115544057035,6.28,167.8425,2582.6825,12825.88
3,plaintext,producer_avg_latency_ms_max,Producer shard max avg latency ms,1296,565.3434413580246,58.625,1419.8812645786911,2.34,17.205,192.32,9192.76
3,tls,producer_avg_latency_ms_max,Producer shard max avg latency ms,1296,2013.700285493827,518.58,2909.3932088456177,5.52,133.565,2892.1475,13959.67
4,mtls,producer_avg_latency_ms_max,Producer shard max avg latency ms,432,2229.3041898148144,631.39,3172.6841400980807,6.04,193.5375,2947.3650000000002,13905.85
4,plaintext,producer_avg_latency_ms_max,Producer shard max avg latency ms,432,669.5116898148148,85.75,1640.240051624718,4.11,21.9925,242.92,9582.54
4,tls,producer_avg_latency_ms_max,Producer shard max avg latency ms,432,2238.1428935185186,597.135,3156.412245992966,6.75,180.16,3050.6499999999996,13712.4
3,mtls,interval_avg_latency_ms_p95,Interval avg latency p95 diagnostic,1296,6199.188935185181,4764.0,5951.184837212822,8.779999999999905,340.8975,9859.5,20872.45
3,plaintext,interval_avg_latency_ms_p95,Interval avg latency p95 diagnostic,1296,2313.1265702160435,417.27999999999986,3341.283432733355,4.01,41.075,4161.481249999975,12091.965
3,tls,interval_avg_latency_ms_p95,Interval avg latency p95 diagnostic,1296,6166.50677854938,4935.662499999999,5898.912669911266,7.389999999999932,344.93125,10083.523749999997,20172.654999999995
4,mtls,interval_avg_latency_ms_p95,Interval avg latency p95 diagnostic,432,6857.4517361111075,5064.962499999998,6607.015881046256,8.299999999999908,387.6425,10454.078749999937,31667.5
4,plaintext,interval_avg_latency_ms_p95,Interval avg latency p95 diagnostic,432,2686.9068749999947,652.1974999999999,3711.5470555109987,4.969999999999996,55.48499999999993,5230.6875,12560.27
4,tls,interval_avg_latency_ms_p95,Interval avg latency p95 diagnostic,432,6917.507210648146,5634.092499999988,6399.521218996638,9.759999999999888,405.83,10955.571250000003,19714.9
3,mtls,interval_avg_latency_ms_p99,Interval avg latency p99 diagnostic,1296,8746.074597222221,8670.39,7211.41553231915,40.86200000000001,383.47525,16970.295000000002,26126.86
3,plaintext,interval_avg_latency_ms_p99,Interval avg latency p99 diagnostic,1296,3874.9971396604933,1135.5304999999964,4188.18715296839,4.082,89.388,8974.87,12686.49
3,tls,interval_avg_latency_ms_p99,Interval avg latency p99 diagnostic,1296,8433.883046296296,8119.58,6867.517406952705,30.35800000000001,395.09650000000005,15727.662500000017,21524.352000000003
4,mtls,interval_avg_latency_ms_p99,Interval avg latency p99 diagnostic,432,9550.457553240742,9404.550000000001,7799.550931151178,39.26000000000001,456.43650000000025,18397.68,32155.5
4,plaintext,interval_avg_latency_ms_p99,Interval avg latency p99 diagnostic,432,4516.9009027777765,3416.6775,4429.258129839395,6.194000000000001,122.23425,9669.3125,13154.794999999998
4,tls,interval_avg_latency_ms_p99,Interval avg latency p99 diagnostic,432,9245.794534722223,8997.96,7406.754821992724,47.63200000000002,491.90625,17866.045,21081.478000000003
3,mtls,interval_max_latency_ms_p95,Interval max latency p95 diagnostic,1296,8229.431751543207,7724.799999999996,6615.716463663297,127.59999999999778,1280.1125,14968.200000000003,20872.45
3,plaintext,interval_max_latency_ms_p95,Interval max latency p95 diagnostic,1296,3248.693287037029,1639.0,3302.705805058894,80.99999999999872,658.4124999999999,5202.0,13412.5
3,tls,interval_max_latency_ms_p95,Interval max latency p95 diagnostic,1296,7948.545447530862,7497.15,6421.938790972296,111.099999999998,1176.8375,14486.9,22227.049999999996
4,mtls,interval_max_latency_ms_p95,Interval max latency p95 diagnostic,432,8769.298379629627,8044.999999999998,7115.120314316298,130.19999999999786,1393.175,15273.574999999999,31667.5
4,plaintext,interval_max_latency_ms_p95,Interval max latency p95 diagnostic,432,3572.393749999994,1833.3749999999984,3635.560853743032,91.09999999999864,722.7,5724.0,14061.25
4,tls,interval_max_latency_ms_p95,Interval max latency p95 diagnostic,432,8523.327430555553,8038.35,6842.293268589508,139.09999999999758,1300.2124999999999,15604.9,21065.6
3,mtls,interval_max_latency_ms_p99,Interval max latency p99 diagnostic,1296,9653.651311728394,9066.505000000001,7154.1120444211065,868.0400000000003,1349.6625,17965.177499999998,26398.6
3,plaintext,interval_max_latency_ms_p99,Interval max latency p99 diagnostic,1296,5002.11025462963,4739.75,3687.330040214076,428.4400000000001,710.0,9078.4375,14267.590000000002
3,tls,interval_max_latency_ms_p99,Interval max latency p99 diagnostic,1296,9086.365408950618,8482.65,6781.208455288816,762.9000000000002,1262.0324999999998,16234.6325,23625.090000000004
4,mtls,interval_max_latency_ms_p99,Interval max latency p99 diagnostic,432,10213.821435185184,9683.755000000001,7622.271340268162,851.6400000000003,1471.2875,18938.615000000005,32155.5
4,plaintext,interval_max_latency_ms_p99,Interval max latency p99 diagnostic,432,5430.017662037037,4969.5650000000005,4011.5077347048223,533.2400000000001,807.655,9720.630000000005,15122.85
4,tls,interval_max_latency_ms_p99,Interval max latency p99 diagnostic,432,9824.051180555554,9310.005000000001,7280.696748272979,918.6600000000004,1366.0,18254.575000000004,23182.799999999996
3,mtls,benchmark_client_cpu_percent_mean,Benchmark client CPU %,1296,75.58575171674151,84.16335858585859,23.981076937873556,4.120404290873807,66.07641996921893,94.3564159629896,97.394043715847
3,plaintext,benchmark_client_cpu_percent_mean,Benchmark client CPU %,1295,76.30936789726152,82.00610619469028,21.20635667015921,1.892249735769289,68.62280303030303,94.34275426360293,97.02861111111112
3,tls,benchmark_client_cpu_percent_mean,Benchmark client CPU %,1296,76.90667681809046,85.67778846153846,22.883851359186732,1.408793975693435,68.57386160714286,94.46009555785123,97.2155
4,mtls,benchmark_client_cpu_percent_mean,Benchmark client CPU %,432,76.28388249745548,85.28800520347934,22.920288686162827,14.505583333333334,66.15177255880795,94.32388737878344,96.944554973822
4,plaintext,benchmark_client_cpu_percent_mean,Benchmark client CPU %,432,78.92025221416696,84.08502217294901,17.66643479622257,32.33972972972973,72.76726851851853,94.09976466438218,96.81370786516854
4,tls,benchmark_client_cpu_percent_mean,Benchmark client CPU %,432,78.89569005751326,88.29081781831813,21.01765481320163,21.76491228070175,72.99217307692308,94.55307857142856,96.8503
3,mtls,broker_cpu_percent_mean,Broker CPU mean %,1296,20.973199140658867,17.628161214382438,13.304563078324762,3.2207672442534174,9.579328080927384,30.399439430686467,57.73754538745008
3,plaintext,broker_cpu_percent_mean,Broker CPU mean %,1294,26.927060049721064,26.08725582187968,9.282826274303616,8.56043141109655,19.849202031474462,32.284824650738344,56.61478827598951
3,tls,broker_cpu_percent_mean,Broker CPU mean %,1295,23.622258200464525,20.90844050152311,13.347645281879387,3.2852559333624813,12.817505288291972,33.5830176821209,59.82172628523237
4,mtls,broker_cpu_percent_mean,Broker CPU mean %,432,26.46514282389132,23.771278857386637,15.166759093047103,5.782257098057696,13.882334579805207,38.42082996869139,58.35175110594206
4,plaintext,broker_cpu_percent_mean,Broker CPU mean %,432,34.033425215195656,34.446635923739294,9.154079511554365,18.515715189866302,24.815076858990576,40.01454355947778,53.4695844873165
4,tls,broker_cpu_percent_mean,Broker CPU mean %,432,28.95898407245172,26.043253268611384,14.531210775296547,10.214836654962186,16.116975959148967,40.55761541982253,59.326392290124886
3,mtls,broker_cpu_percent_max_mean,Broker CPU max mean %,1296,48.26130504115226,44.535,20.897466161574837,10.088,29.204499999999996,66.777,97.168
3,plaintext,broker_cpu_percent_max_mean,Broker CPU max mean %,1294,51.267186501803195,48.433,15.347644724891406,18.358,39.1505,62.552,92.946
3,tls,broker_cpu_percent_max_mean,Broker CPU max mean %,1295,50.75234877734877,47.944,19.99147128880989,11.28,33.00666666666667,67.772,97.842
4,mtls,broker_cpu_percent_max_mean,Broker CPU max mean %,432,56.93387962962964,58.64099999999999,21.872325065326017,17.45,35.546,76.0645,96.594
4,plaintext,broker_cpu_percent_max_mean,Broker CPU max mean %,432,60.278231481481484,56.870000000000005,15.197471998052885,27.77,48.370000000000005,71.155,95.458
4,tls,broker_cpu_percent_max_mean,Broker CPU max mean %,432,57.461407407407414,60.510000000000005,20.790171276456324,19.78,36.798,76.153,94.992
3,mtls,benchmark_client_memory_used_percent_mean,Benchmark client memory %,1296,18.911105372561323,16.522343358395986,9.790151626238028,7.583043478260869,10.751900000000001,24.258552293577978,49.515300546448096
3,plaintext,benchmark_client_memory_used_percent_mean,Benchmark client memory %,1295,17.84507653879816,15.554285714285712,7.453425486597743,8.925108401084012,11.336967032967031,22.5189196337163,39.27390804597701
3,tls,benchmark_client_memory_used_percent_mean,Benchmark client memory %,1296,19.86629535374426,16.91999276718856,9.763737968224637,8.407913931186195,11.592162337662337,25.257898800157356,50.044405940594054
4,mtls,benchmark_client_memory_used_percent_mean,Benchmark client memory %,432,19.351471637090935,16.08207334891876,9.819260485194254,8.482608695652173,11.198897727272728,24.88235197368421,49.64408602150537
4,plaintext,benchmark_client_memory_used_percent_mean,Benchmark client memory %,432,17.90158496096462,15.982844551282051,7.468021558482852,9.693333333333335,11.433732854864434,22.689389983579638,39.01141242937853
4,tls,benchmark_client_memory_used_percent_mean,Benchmark client memory %,432,19.893215461846793,16.725816507000737,9.739877832629453,9.439583333333331,11.484122170951437,25.23281638288081,49.75276381909547
3,mtls,broker_memory_used_percent_mean,Broker memory %,1296,23.0372426498801,23.18739451862213,1.0507759806432366,12.408526294990724,22.89739157509158,23.51345489135674,24.641899078341016
3,plaintext,broker_memory_used_percent_mean,Broker memory %,1294,23.28155175882134,23.236206116032086,0.7667832487130357,12.832862211760968,23.04616306787996,23.539547144359716,24.699011219837537
3,tls,broker_memory_used_percent_mean,Broker memory %,1295,23.087034473280312,23.4261272587648,1.192208370863153,12.689896058735837,23.097317991629943,23.698709409766394,25.11084886931466
4,mtls,broker_memory_used_percent_mean,Broker memory %,432,23.751866979927303,23.75842394362162,0.20732310329064163,23.393683531746035,23.627643854155266,23.832816609122393,24.93820518145855
4,plaintext,broker_memory_used_percent_mean,Broker memory %,432,23.79488547408384,23.845961657830095,0.19305609766058363,23.45877506045445,23.589343990679296,23.93415091682223,24.83018833071431
4,tls,broker_memory_used_percent_mean,Broker memory %,432,23.98399706988909,23.91417060239084,0.1923565641764729,23.70154073123259,23.85587984135964,24.053088152744028,24.61790911790912
3,mtls,benchmark_client_network_rx_bytes_delta,Benchmark client network RX bytes,1296,22240206.215277776,23452772.0,15221503.055268236,645808.0,5014921.5,38095217.75,85183486.0
3,plaintext,benchmark_client_network_rx_bytes_delta,Benchmark client network RX bytes,1295,17971565.34131274,19856947.0,12329000.369859565,325067.0,3364047.5,30371349.0,37888000.0
3,tls,benchmark_client_network_rx_bytes_delta,Benchmark client network RX bytes,1296,21907684.131944444,23443179.5,15041264.555545429,589965.0,5004885.5,37704171.5,59602216.0
4,mtls,benchmark_client_network_rx_bytes_delta,Benchmark client network RX bytes,432,22694312.222222224,25983739.0,15233550.87585946,665021.0,5101193.5,38119712.0,43048525.0
4,plaintext,benchmark_client_network_rx_bytes_delta,Benchmark client network RX bytes,432,18236546.011574075,20324102.0,12566225.440670611,362674.0,3407283.25,31543274.5,33121113.0
4,tls,benchmark_client_network_rx_bytes_delta,Benchmark client network RX bytes,432,22230746.821759257,23986694.0,15298092.526511906,633913.0,4955458.75,37993757.75,45218446.0
3,mtls,benchmark_client_network_tx_bytes_delta,Benchmark client network TX bytes,1296,3870907817.253858,1071525379.0,4660897610.381097,104877612.0,139572643.0,10396513667.75,20803907662.0
3,plaintext,benchmark_client_network_tx_bytes_delta,Benchmark client network TX bytes,1295,3842479472.05251,1055652666.0,4623811209.454804,104343590.0,124528892.5,10350442500.0,10388416306.0
3,tls,benchmark_client_network_tx_bytes_delta,Benchmark client network TX bytes,1296,3863030916.3703704,1069988289.5,4641216925.317773,104768322.0,139077954.5,10396885896.25,10440344176.0
4,mtls,benchmark_client_network_tx_bytes_delta,Benchmark client network TX bytes,432,3865835594.4050927,1074938053.5,4643916625.052437,104996938.0,139766592.75,10401731553.5,10446080526.0
4,plaintext,benchmark_client_network_tx_bytes_delta,Benchmark client network TX bytes,432,3841445023.134259,1057560391.5,4624100197.507935,104388389.0,124008548.75,10353701941.75,10374978533.0
4,tls,benchmark_client_network_tx_bytes_delta,Benchmark client network TX bytes,432,3865061075.858796,1074200925.0,4644303147.776186,104889298.0,135821511.25,10402046275.75,10439405245.0
3,mtls,broker_network_rx_bytes_delta_mean,Broker network RX bytes mean,1296,3345159403.251389,1043280980.7333333,4185419129.3320575,63100372.8,113954367.35,6246743306.8,20865416273.0
3,plaintext,broker_network_rx_bytes_delta_mean,Broker network RX bytes mean,1294,3313967161.4217415,1036079802.2,4134668989.2810206,62721307.8,111185020.95,6208211616.85,10355247316.0
3,tls,broker_network_rx_bytes_delta_mean,Broker network RX bytes mean,1295,3340992316.970579,1041935197.8,4165811908.3857903,63015116.4,113989433.0,6246441351.8,10424855738.0
4,mtls,broker_network_rx_bytes_delta_mean,Broker network RX bytes mean,432,3850584671.461111,1071218211.0,4622549378.305983,105057537.6,144549550.7,10413203160.900002,10428598540.8
4,plaintext,broker_network_rx_bytes_delta_mean,Broker network RX bytes mean,432,3824553363.2287045,1061357103.1,4596793439.117311,104477915.4,132832830.2,10347660417.199999,10359020931.4
4,tls,broker_network_rx_bytes_delta_mean,Broker network RX bytes mean,432,3854457218.5541663,1071752337.8,4627894500.064766,105006019.8,140387920.35,10412931592.45,10419508534.2
3,mtls,broker_network_tx_bytes_delta_mean,Broker network TX bytes mean,1296,2414783332.9102364,725793645.6666667,3074352279.176105,42488890.4,93682905.4,4192042013.3,16778933534.6
3,plaintext,broker_network_tx_bytes_delta_mean,Broker network TX bytes mean,1294,2386912580.141963,715911413.3333334,3028552876.7912393,42081991.0,91233146.89999999,4157126328.3999996,8313197848.6
3,tls,broker_network_tx_bytes_delta_mean,Broker network TX bytes mean,1295,2411524442.563938,725701260.3333334,3056575931.000042,42380876.4,93733656.19999999,4191227183.8,8372580494.8
4,mtls,broker_network_tx_bytes_delta_mean,Broker network TX bytes mean,432,3093484766.1912036,867285532.4,3708012561.845016,84553284.0,125149537.7,8366011777.45,8382595370.4
4,plaintext,broker_network_tx_bytes_delta_mean,Broker network TX bytes mean,432,3069283493.0967593,859428218.0,3683176770.2127013,83925383.0,114619116.95,8303458848.0,8316650711.2
4,tls,broker_network_tx_bytes_delta_mean,Broker network TX bytes mean,432,3097411125.1472225,867201165.4,3713107137.6532373,84507118.0,120951647.65,8365712777.299999,8371539266.0
3,mtls,broker_network_rx_bytes_delta_total,Broker network RX bytes total,1296,14165122974.185957,3264148810.0,18023035156.814415,314611641.0,535639846.5,31223216614.5,104327081365.0
3,plaintext,broker_network_rx_bytes_delta_total,Broker network RX bytes total,1294,14033839519.459042,3212148273.0,17785567362.277924,313046022.0,531607971.5,31035438159.0,51776236580.0
3,tls,broker_network_rx_bytes_delta_total,Broker network RX bytes total,1295,14134996178.859459,3262362289.0,17894877481.238647,314480664.0,538061362.5,31222246464.5,52098200085.0
4,mtls,broker_network_rx_bytes_delta_total,Broker network RX bytes total,432,19252923357.305557,5356091055.0,23112746891.52992,525287688.0,722747753.5,52066015804.5,52142992704.0
4,plaintext,broker_network_rx_bytes_delta_total,Broker network RX bytes total,432,19122766816.14352,5306785515.5,22983967195.58655,522389577.0,664164151.0,51738302086.0,51795104657.0
4,tls,broker_network_rx_bytes_delta_total,Broker network RX bytes total,432,19272286092.770832,5358761689.0,23139472500.32383,525030099.0,701939601.75,52064657962.25,52097542671.0
3,mtls,broker_network_tx_bytes_delta_total,Broker network TX bytes total,1296,10359157491.61034,2230458784.0,13738597593.725061,211416566.0,432761651.25,20943657974.5,83894667673.0
3,plaintext,broker_network_tx_bytes_delta_total,Broker network TX bytes total,1294,10242189175.218702,2194446538.0,13526949576.725023,209739340.0,424453094.25,20778355918.0,41565989243.0
3,tls,broker_network_tx_bytes_delta_total,Broker network TX bytes total,1295,10336599180.43861,2228313002.0,13631173291.537548,211299260.0,435522232.0,20941004026.5,41862902474.0
4,mtls,broker_network_tx_bytes_delta_total,Broker network TX bytes total,432,15467423830.956018,4336427662.0,18540062809.225082,422766420.0,625747688.5,41830058887.25,41912976852.0
4,plaintext,broker_network_tx_bytes_delta_total,Broker network TX bytes total,432,15346417465.483797,4297141090.0,18415883851.063507,419626915.0,573095584.75,41517294240.0,41583253556.0
4,tls,broker_network_tx_bytes_delta_total,Broker network TX bytes total,432,15487055625.73611,4336005827.0,18565535688.26619,422535590.0,604758238.25,41828563886.5,41857696330.0
3,mtls,benchmark_client_disk_read_sectors_delta,Benchmark client disk read sectors,1296,192.7962962962963,0.0,6847.133678615146,0.0,0.0,0.0,246584.0
3,plaintext,benchmark_client_disk_read_sectors_delta,Benchmark client disk read sectors,1295,120.84092664092664,0.0,2963.4919522005516,0.0,0.0,0.0,102536.0
3,tls,benchmark_client_disk_read_sectors_delta,Benchmark client disk read sectors,1296,78.25925925925925,0.0,1967.1732510003542,0.0,0.0,0.0,69560.0
4,mtls,benchmark_client_disk_read_sectors_delta,Benchmark client disk read sectors,432,8.75925925925926,0.0,92.16017360797073,0.0,0.0,0.0,1288.0
4,plaintext,benchmark_client_disk_read_sectors_delta,Benchmark client disk read sectors,432,62.25925925925926,0.0,1064.7222239937128,0.0,0.0,0.0,22040.0
4,tls,benchmark_client_disk_read_sectors_delta,Benchmark client disk read sectors,432,269.44444444444446,0.0,5330.571811682697,0.0,0.0,0.0,110904.0
3,mtls,benchmark_client_disk_write_sectors_delta,Benchmark client disk write sectors,1296,48169.833333333336,46296.0,30210.559057468876,6152.0,34340.0,58482.0,645224.0
3,plaintext,benchmark_client_disk_write_sectors_delta,Benchmark client disk write sectors,1295,44010.43397683398,42480.0,27025.199061869494,6176.0,31788.0,53128.0,462888.0
3,tls,benchmark_client_disk_write_sectors_delta,Benchmark client disk write sectors,1296,44684.37654320987,40804.0,67125.6929975507,6208.0,30748.0,52800.0,2127912.0
4,mtls,benchmark_client_disk_write_sectors_delta,Benchmark client disk write sectors,432,52902.96296296296,51236.0,49623.22253369139,6248.0,38188.0,60782.0,887600.0
4,plaintext,benchmark_client_disk_write_sectors_delta,Benchmark client disk write sectors,432,45015.2962962963,45024.0,13193.981291468315,6784.0,34686.0,55310.0,76272.0
4,tls,benchmark_client_disk_write_sectors_delta,Benchmark client disk write sectors,432,43859.42592592593,41964.0,30835.34285289567,14352.0,30380.0,53740.0,614704.0
3,mtls,broker_disk_read_sectors_delta_mean,Broker disk read sectors mean,1296,6228.699588477367,0.0,19863.843485708017,0.0,0.0,10094.8,310042.6666666667
3,plaintext,broker_disk_read_sectors_delta_mean,Broker disk read sectors mean,1294,8094.025347758887,0.0,22787.6256815495,0.0,0.0,13743.6,394941.3333333333
3,tls,broker_disk_read_sectors_delta_mean,Broker disk read sectors mean,1295,6882.62918918919,0.0,25223.737422107526,0.0,0.0,8482.400000000001,387916.8
4,mtls,broker_disk_read_sectors_delta_mean,Broker disk read sectors mean,432,7354.267592592593,8.0,28064.89066355806,0.0,0.0,6488.4,310771.2
4,plaintext,broker_disk_read_sectors_delta_mean,Broker disk read sectors mean,432,8151.988888888888,0.0,25826.70459573641,0.0,0.0,8890.0,287550.4
4,tls,broker_disk_read_sectors_delta_mean,Broker disk read sectors mean,432,8308.625925925926,0.0,38753.02251609107,0.0,0.0,4455.6,449915.2
3,mtls,broker_disk_write_sectors_delta_mean,Broker disk write sectors mean,1296,6254339.922633744,1731350.9333333333,7976876.1721801525,15073.6,255573.2,11833608.8,41124512.0
3,plaintext,broker_disk_write_sectors_delta_mean,Broker disk write sectors mean,1294,6201116.274909841,1640220.5333333332,7903311.272951807,16656.0,263662.8,11667509.2,20373170.666666668
3,tls,broker_disk_write_sectors_delta_mean,Broker disk write sectors mean,1295,6193783.509086229,1558990.4,7901624.315477327,17988.8,257325.3333333333,11630640.8,20574584.0
4,mtls,broker_disk_write_sectors_delta_mean,Broker disk write sectors mean,432,7091901.696296297,1739573.6,8721415.799761185,56611.2,259368.4,19299271.2,20005414.4
4,plaintext,broker_disk_write_sectors_delta_mean,Broker disk write sectors mean,432,7081130.118518518,1818056.7999999998,8698323.457459092,61550.4,266077.2,19242225.6,20611715.2
4,tls,broker_disk_write_sectors_delta_mean,Broker disk write sectors mean,432,7107646.61111111,1853690.4,8655176.129516091,63262.4,259952.4,19216129.6,20055283.2
3,mtls,broker_disk_read_sectors_delta_total,Broker disk read sectors total,1296,26604.012345679013,0.0,86741.81658573009,0.0,0.0,43810.0,1390328.0
3,plaintext,broker_disk_read_sectors_delta_total,Broker disk read sectors total,1294,35183.21483771252,0.0,102571.5123613496,0.0,0.0,63304.0,1286368.0
3,tls,broker_disk_read_sectors_delta_total,Broker disk read sectors total,1295,30220.855598455597,0.0,119988.85833989418,0.0,0.0,42332.0,1939584.0
4,mtls,broker_disk_read_sectors_delta_total,Broker disk read sectors total,432,36771.33796296296,40.0,140324.4533177903,0.0,0.0,32442.0,1553856.0
4,plaintext,broker_disk_read_sectors_delta_total,Broker disk read sectors total,432,40759.944444444445,0.0,129133.52297868204,0.0,0.0,44450.0,1437752.0
4,tls,broker_disk_read_sectors_delta_total,Broker disk read sectors total,432,41543.12962962963,0.0,193765.11258045532,0.0,0.0,22278.0,2249576.0
3,mtls,broker_disk_write_sectors_delta_total,Broker disk write sectors total,1296,26414614.51851852,6045720.0,34162589.05139353,75368.0,889914.0,58782284.0,205622560.0
3,plaintext,broker_disk_write_sectors_delta_total,Broker disk write sectors total,1294,26148694.80680062,5913636.0,33715133.01207343,83280.0,872376.0,57896572.0,100426712.0
3,tls,broker_disk_write_sectors_delta_total,Broker disk write sectors total,1295,26105710.64092664,5986728.0,33696423.479919106,89944.0,879188.0,57954676.0,100598496.0
4,mtls,broker_disk_write_sectors_delta_total,Broker disk write sectors total,432,35459508.481481485,8697868.0,43607078.99880593,283056.0,1296842.0,96496356.0,100027072.0
4,plaintext,broker_disk_write_sectors_delta_total,Broker disk write sectors total,432,35405650.59259259,9090284.0,43491617.28729546,307752.0,1330386.0,96211128.0,103058576.0
4,tls,broker_disk_write_sectors_delta_total,Broker disk write sectors total,432,35538233.05555555,9268452.0,43275880.64758046,316312.0,1299762.0,96080648.0,100276416.0
